,year,GS_mean,moving_avg,team
0,1960,,,atl
1,1961,,,atl
2,1962,,,atl
3,1963,,,atl
4,1964,,,atl
5,1965,,,atl
6,1966,12.909090909090908,12.909090909090908,atl
7,1967,11.181818181818182,12.045454545454543,atl
8,1968,10.727272727272728,11.606060606060604,atl
9,1969,11.772727272727272,11.647727272727272,atl
10,1970,12.090909090909092,11.443181818181818,atl
11,1971,12.772727272727272,11.840909090909092,atl
12,1972,13.454545454545457,12.522727272727272,atl
13,1973,12.863636363636363,12.795454545454543,atl
14,1974,12.863636363636363,12.988636363636363,atl
15,1975,13.090909090909092,13.068181818181818,atl
16,1976,12.095238095238097,12.728354978354975,atl
17,1977,12.909090909090908,12.739718614718615,atl
18,1978,15.136363636363637,13.307900432900434,atl
19,1979,15.0,13.78517316017316,atl
20,1980,14.818181818181818,14.465909090909092,atl
21,1981,15.0,14.988636363636363,atl
22,1982,8.863636363636363,13.420454545454543,atl
23,1983,13.636363636363637,13.079545454545457,atl
24,1984,14.409090909090908,12.977272727272728,atl
25,1985,13.363636363636363,12.568181818181817,atl
26,1986,13.954545454545457,13.840909090909092,atl
27,1987,9.818181818181818,12.886363636363637,atl
28,1988,13.318181818181818,12.613636363636363,atl
29,1989,13.590909090909092,12.670454545454549,atl
30,1990,13.409090909090908,12.534090909090908,atl
31,1991,13.681818181818182,13.5,atl
32,1992,13.818181818181818,13.625,atl
33,1993,13.545454545454543,13.613636363636363,atl
34,1994,13.909090909090908,13.738636363636363,atl
35,1995,13.909090909090908,13.795454545454543,atl
36,1996,13.045454545454543,13.602272727272728,atl
37,1997,14.590909090909092,13.863636363636363,atl
38,1998,14.954545454545457,14.125,atl
39,1999,13.818181818181818,14.102272727272728,atl
40,2000,13.818181818181818,14.295454545454549,atl
41,2001,13.636363636363637,14.056818181818182,atl
42,2002,14.136363636363637,13.852272727272728,atl
43,2003,12.272727272727272,13.465909090909092,atl
44,2004,14.272727272727272,13.579545454545457,atl
45,2005,14.136363636363637,13.704545454545457,atl
46,2006,13.636363636363637,13.579545454545457,atl
47,2007,12.863636363636363,13.727272727272728,atl
48,2008,14.5,13.784090909090908,atl
49,2009,13.363636363636363,13.590909090909092,atl
50,2010,14.5,13.806818181818182,atl
51,2011,13.681818181818182,14.011363636363637,atl
52,2012,13.727272727272728,13.818181818181818,atl
53,2013,13.090909090909092,13.75,atl
54,2014,13.545454545454543,13.511363636363637,atl
55,2015,13.863636363636363,13.556818181818182,atl
56,2016,12.909090909090908,13.352272727272728,atl
57,2017,14.409090909090908,13.68181818181818,atl
58,2018,12.636363636363637,13.454545454545451,atl
59,2019,13.363636363636363,13.329545454545451,atl
60,2020,13.181818181818182,13.397727272727272,atl
61,2021,13.863636363636363,13.261363636363637,atl
62,2022,13.409090909090908,13.454545454545451,atl
63,2023,13.38095238095238,13.45887445887446,atl
64,2024,15.0,13.913419913419911,atl
65,1960,12.181818181818182,12.181818181818182,buf
66,1961,11.727272727272728,11.954545454545451,buf
67,1962,12.0,11.969696969696969,buf
68,1963,12.5,12.102272727272728,buf
69,1964,12.727272727272728,12.238636363636363,buf
70,1965,12.545454545454543,12.443181818181818,buf
71,1966,13.5,12.818181818181818,buf
72,1967,11.318181818181818,12.522727272727272,buf
73,1968,12.272727272727272,12.40909090909091,buf
74,1969,12.5,12.397727272727272,buf
75,1970,12.409090909090908,12.125,buf
76,1971,11.727272727272728,12.227272727272728,buf
77,1972,11.478260869565217,12.028656126482211,buf
78,1973,12.318181818181818,11.983201581027668,buf
79,1974,12.454545454545457,11.994565217391305,buf
80,1975,12.136363636363637,12.096837944664031,buf
81,1976,12.363636363636363,12.318181818181818,buf
82,1977,13.090909090909092,12.511363636363637,buf
83,1978,14.318181818181818,12.977272727272728,buf
84,1979,15.0,13.693181818181818,buf
85,1980,15.227272727272728,14.409090909090908,buf
86,1981,14.818181818181818,14.840909090909092,buf
87,1982,8.5,13.386363636363637,buf
88,1983,14.045454545454543,13.147727272727272,buf
89,1984,14.136363636363637,12.875,buf
90,1985,13.5,12.545454545454543,buf
91,1986,13.636363636363637,13.829545454545457,buf
92,1987,10.954545454545457,13.056818181818182,buf
93,1988,14.545454545454543,13.15909090909091,buf
94,1989,14.590909090909092,13.431818181818183,buf
95,1990,14.454545454545457,13.636363636363637,buf
96,1991,14.318181818181818,14.477272727272728,buf
97,1992,14.272727272727272,14.40909090909091,buf
98,1993,14.227272727272728,14.318181818181817,buf
99,1994,14.5,14.329545454545451,buf
100,1995,13.545454545454543,14.136363636363637,buf
101,1996,14.227272727272728,14.124999999999998,buf
102,1997,14.227272727272728,14.124999999999998,buf
103,1998,14.318181818181818,14.079545454545457,buf
104,1999,14.227272727272728,14.25,buf
105,2000,13.318181818181818,14.022727272727272,buf
106,2001,13.227272727272728,13.772727272727272,buf
107,2002,14.772727272727272,13.886363636363637,buf
108,2003,14.227272727272728,13.886363636363637,buf
109,2004,13.636363636363637,13.96590909090909,buf
110,2005,13.818181818181818,14.113636363636363,buf
111,2006,13.954545454545457,13.909090909090908,buf
112,2007,14.0,13.852272727272728,buf
113,2008,13.5,13.818181818181818,buf
114,2009,11.818181818181818,13.318181818181818,buf
115,2010,12.772727272727272,13.022727272727272,buf
116,2011,12.136363636363637,12.556818181818183,buf
117,2012,13.318181818181818,12.511363636363637,buf
118,2013,13.136363636363637,12.840909090909092,buf
119,2014,13.227272727272728,12.954545454545457,buf
120,2015,13.045454545454543,13.181818181818183,buf
121,2016,12.954545454545457,13.090909090909092,buf
122,2017,12.818181818181818,13.011363636363637,buf
123,2018,12.727272727272728,12.886363636363637,buf
124,2019,13.863636363636363,13.09090909090909,buf
125,2020,12.545454545454543,12.988636363636363,buf
126,2021,14.5,13.40909090909091,buf
127,2022,13.636363636363637,13.636363636363637,buf
128,2023,14.681818181818182,13.84090909090909,buf
129,2024,14.181818181818182,14.25,buf
130,1960,,,car
131,1961,,,car
132,1962,,,car
133,1963,,,car
134,1964,,,car
135,1965,,,car
136,1966,,,car
137,1967,,,car
138,1968,,,car
139,1969,,,car
140,1970,,,car
141,1971,,,car
142,1972,,,car
143,1973,,,car
144,1974,,,car
145,1975,,,car
146,1976,,,car
147,1977,,,car
148,1978,,,car
149,1979,,,car
150,1980,,,car
151,1981,,,car
152,1982,,,car
153,1983,,,car
154,1984,,,car
155,1985,,,car
156,1986,,,car
157,1987,,,car
158,1988,,,car
159,1989,,,car
160,1990,,,car
161,1991,,,car
162,1992,,,car
163,1993,,,car
164,1994,,,car
165,1995,13.909090909090908,13.909090909090908,car
166,1996,13.454545454545457,13.681818181818182,car
167,1997,13.363636363636363,13.575757575757576,car
168,1998,13.045454545454543,13.443181818181818,car
169,1999,14.545454545454543,13.602272727272728,car
170,2000,14.227272727272728,13.795454545454549,car
171,2001,12.772727272727272,13.647727272727272,car
172,2002,13.454545454545457,13.75,car
173,2003,14.227272727272728,13.670454545454543,car
174,2004,13.545454545454543,13.5,car
175,2005,14.636363636363637,13.965909090909092,car
176,2006,13.772727272727272,14.045454545454543,car
177,2007,13.772727272727272,13.931818181818182,car
178,2008,14.863636363636363,14.261363636363637,car
179,2009,13.318181818181818,13.931818181818182,car
180,2010,13.136363636363637,13.772727272727272,car
181,2011,13.818181818181818,13.78409090909091,car
182,2012,12.909090909090908,13.295454545454549,car
183,2013,13.818181818181818,13.420454545454549,car
184,2014,12.545454545454543,13.272727272727272,car
185,2015,13.863636363636363,13.284090909090908,car
186,2016,12.727272727272728,13.238636363636363,car
187,2017,13.818181818181818,13.238636363636363,car
188,2018,13.5,13.477272727272728,car
189,2019,13.409090909090908,13.363636363636363,car
190,2020,12.681818181818182,13.352272727272728,car
191,2021,12.590909090909092,13.045454545454549,car
192,2022,13.227272727272728,12.977272727272728,car
193,2023,12.772727272727272,12.818181818181818,car
194,2024,12.636363636363637,12.806818181818182,car
195,1960,11.136363636363637,11.136363636363637,chi
196,1961,12.318181818181818,11.727272727272728,chi
197,1962,12.454545454545457,11.969696969696969,chi
198,1963,12.5,12.102272727272728,chi
199,1964,12.0,12.318181818181817,chi
200,1965,12.954545454545457,12.477272727272728,chi
201,1966,13.363636363636363,12.704545454545451,chi
202,1967,12.272727272727272,12.647727272727272,chi
203,1968,12.5,12.772727272727272,chi
204,1969,11.954545454545457,12.522727272727272,chi
205,1970,11.818181818181818,12.136363636363637,chi
206,1971,12.681818181818182,12.238636363636363,chi
207,1972,13.227272727272728,12.420454545454549,chi
208,1973,12.363636363636363,12.522727272727272,chi
209,1974,11.909090909090908,12.545454545454543,chi
210,1975,11.818181818181818,12.329545454545457,chi
211,1976,12.727272727272728,12.204545454545457,chi
212,1977,12.5,12.238636363636363,chi
213,1978,14.590909090909092,12.90909090909091,chi
214,1979,14.590909090909092,13.602272727272728,chi
215,1980,14.954545454545457,14.15909090909091,chi
216,1981,14.181818181818182,14.579545454545457,chi
217,1982,8.363636363636363,13.022727272727272,chi
218,1983,12.909090909090908,12.602272727272728,chi
219,1984,14.272727272727272,12.431818181818182,chi
220,1985,14.818181818181818,12.59090909090909,chi
221,1986,14.636363636363637,14.15909090909091,chi
222,1987,10.681818181818182,13.602272727272728,chi
223,1988,14.181818181818182,13.579545454545451,chi
224,1989,13.727272727272728,13.306818181818183,chi
225,1990,14.590909090909092,13.295454545454543,chi
226,1991,13.909090909090908,14.102272727272728,chi
227,1992,14.181818181818182,14.102272727272728,chi
228,1993,13.909090909090908,14.147727272727272,chi
229,1994,13.5,13.875,chi
230,1995,14.136363636363637,13.931818181818183,chi
231,1996,13.363636363636363,13.727272727272728,chi
232,1997,13.454545454545457,13.613636363636363,chi
233,1998,14.181818181818182,13.78409090909091,chi
234,1999,13.318181818181818,13.579545454545451,chi
235,2000,13.045454545454543,13.5,chi
236,2001,14.363636363636363,13.727272727272728,chi
237,2002,12.590909090909092,13.329545454545451,chi
238,2003,13.454545454545457,13.363636363636363,chi
239,2004,12.363636363636363,13.193181818181818,chi
240,2005,14.0,13.102272727272728,chi
241,2006,14.181818181818182,13.5,chi
242,2007,13.181818181818182,13.431818181818183,chi
243,2008,14.0,13.84090909090909,chi
244,2009,13.772727272727272,13.78409090909091,chi
245,2010,14.363636363636363,13.829545454545457,chi
246,2011,13.181818181818182,13.829545454545457,chi
247,2012,13.545454545454543,13.71590909090909,chi
248,2013,13.590909090909092,13.670454545454549,chi
249,2014,12.909090909090908,13.306818181818182,chi
250,2015,11.954545454545457,13.0,chi
251,2016,11.5,12.488636363636363,chi
252,2017,12.136363636363637,12.125,chi
253,2018,13.772727272727272,12.340909090909092,chi
254,2019,12.727272727272728,12.53409090909091,chi
255,2020,13.136363636363637,12.943181818181818,chi
256,2021,13.181818181818182,13.204545454545451,chi
257,2022,12.818181818181818,12.96590909090909,chi
258,2023,13.454545454545457,13.147727272727272,chi
259,2024,14.818181818181818,13.568181818181818,chi
260,1960,,,cin
261,1961,,,cin
262,1962,,,cin
263,1963,,,cin
264,1964,,,cin
265,1965,,,cin
266,1966,,,cin
267,1967,,,cin
268,1968,11.681818181818182,11.681818181818182,cin
269,1969,12.318181818181818,12.0,cin
270,1970,12.136363636363637,12.045454545454549,cin
271,1971,11.909090909090908,12.011363636363637,cin
272,1972,12.318181818181818,12.170454545454549,cin
273,1973,12.772727272727272,12.28409090909091,cin
274,1974,12.090909090909092,12.272727272727272,cin
275,1975,12.681818181818182,12.46590909090909,cin
276,1976,12.681818181818182,12.556818181818183,cin
277,1977,11.909090909090908,12.34090909090909,cin
278,1978,13.5,12.693181818181818,cin
279,1979,14.0,13.022727272727272,cin
280,1980,14.045454545454543,13.363636363636363,cin
281,1981,14.636363636363637,14.045454545454543,cin
282,1982,8.681818181818182,12.84090909090909,cin
283,1983,14.045454545454543,12.852272727272728,cin
284,1984,13.818181818181818,12.795454545454543,cin
285,1985,14.954545454545457,12.875,cin
286,1986,14.181818181818182,14.25,cin
287,1987,10.636363636363637,13.397727272727272,cin
288,1988,15.590909090909092,13.840909090909092,cin
289,1989,14.772727272727272,13.795454545454549,cin
290,1990,13.590909090909092,13.647727272727272,cin
291,1991,12.909090909090908,14.215909090909092,cin
292,1992,12.772727272727272,13.511363636363637,cin
293,1993,13.409090909090908,13.170454545454543,cin
294,1994,14.090909090909092,13.295454545454549,cin
295,1995,14.318181818181818,13.647727272727272,cin
296,1996,14.090909090909092,13.977272727272728,cin
297,1997,13.227272727272728,13.931818181818182,cin
298,1998,14.545454545454543,14.045454545454543,cin
299,1999,13.954545454545457,13.954545454545451,cin
300,2000,12.727272727272728,13.613636363636363,cin
301,2001,13.545454545454543,13.693181818181818,cin
302,2002,13.090909090909092,13.329545454545457,cin
303,2003,13.909090909090908,13.318181818181818,cin
304,2004,13.80952380952381,13.58874458874459,cin
305,2005,14.409090909090908,13.80465367965368,cin
306,2006,13.863636363636363,13.997835497835498,cin
307,2007,13.363636363636363,13.86147186147186,cin
308,2008,12.045454545454543,13.420454545454543,cin
309,2009,13.5,13.193181818181818,cin
310,2010,13.5,13.102272727272728,cin
311,2011,14.0,13.261363636363637,cin
312,2012,13.636363636363637,13.65909090909091,cin
313,2013,14.090909090909092,13.806818181818182,cin
314,2014,14.0,13.931818181818182,cin
315,2015,14.272727272727272,14.0,cin
316,2016,13.772727272727272,14.034090909090908,cin
317,2017,12.454545454545457,13.625,cin
318,2018,13.0,13.375,cin
319,2019,12.772727272727272,13.0,cin
320,2020,12.045454545454543,12.568181818181818,cin
321,2021,14.227272727272728,13.011363636363637,cin
322,2022,14.045454545454543,13.272727272727272,cin
323,2023,14.681818181818182,13.749999999999998,cin
324,2024,13.045454545454543,14.0,cin
325,1960,10.772727272727272,10.772727272727272,cle
326,1961,12.909090909090908,11.84090909090909,cle
327,1962,12.454545454545457,12.045454545454549,cle
328,1963,13.454545454545457,12.397727272727272,cle
329,1964,12.772727272727272,12.897727272727272,cle
330,1965,12.681818181818182,12.840909090909092,cle
331,1966,12.545454545454543,12.863636363636363,cle
332,1967,12.909090909090908,12.727272727272728,cle
333,1968,12.681818181818182,12.704545454545451,cle
334,1969,13.181818181818182,12.829545454545451,cle
335,1970,12.727272727272728,12.875,cle
336,1971,12.318181818181818,12.727272727272728,cle
337,1972,12.545454545454543,12.693181818181818,cle
338,1973,13.409090909090908,12.75,cle
339,1974,10.772727272727272,12.261363636363637,cle
340,1975,11.454545454545457,12.045454545454549,cle
341,1976,13.0,12.15909090909091,cle
342,1977,12.227272727272728,11.863636363636363,cle
343,1978,14.5,12.795454545454549,cle
344,1979,14.681818181818182,13.602272727272728,cle
345,1980,15.090909090909092,14.125,cle
346,1981,14.181818181818182,14.613636363636363,cle
347,1982,8.363636363636363,13.079545454545451,cle
348,1983,13.818181818181818,12.863636363636363,cle
349,1984,14.136363636363637,12.625,cle
350,1985,14.272727272727272,12.647727272727272,cle
351,1986,15.136363636363637,14.340909090909092,cle
352,1987,11.227272727272728,13.693181818181818,cle
353,1988,13.909090909090908,13.636363636363637,cle
354,1989,14.863636363636363,13.784090909090908,cle
355,1990,13.227272727272728,13.306818181818182,cle
356,1991,12.772727272727272,13.693181818181818,cle
357,1992,13.409090909090908,13.568181818181818,cle
358,1993,13.454545454545457,13.21590909090909,cle
359,1994,13.318181818181818,13.238636363636363,cle
360,1995,14.045454545454543,13.556818181818182,cle
361,1996,,13.606060606060607,cle
362,1997,,13.681818181818183,cle
363,1998,,14.045454545454543,cle
364,1999,13.318181818181818,13.318181818181818,cle
365,2000,13.636363636363637,13.477272727272728,cle
366,2001,12.818181818181818,13.257575757575758,cle
367,2002,13.5,13.318181818181818,cle
368,2003,12.590909090909092,13.136363636363637,cle
369,2004,12.0,12.727272727272728,cle
370,2005,14.272727272727272,13.090909090909092,cle
371,2006,12.954545454545457,12.954545454545457,cle
372,2007,13.727272727272728,13.238636363636363,cle
373,2008,13.818181818181818,13.693181818181818,cle
374,2009,12.090909090909092,13.147727272727272,cle
375,2010,13.181818181818182,13.204545454545457,cle
376,2011,13.454545454545457,13.136363636363637,cle
377,2012,13.409090909090908,13.034090909090908,cle
378,2013,13.727272727272728,13.443181818181818,cle
379,2014,12.363636363636363,13.238636363636363,cle
380,2015,12.636363636363637,13.034090909090908,cle
381,2016,12.409090909090908,12.78409090909091,cle
382,2017,12.863636363636363,12.568181818181818,cle
383,2018,13.136363636363637,12.761363636363637,cle
384,2019,12.5,12.727272727272728,cle
385,2020,13.0,12.875,cle
386,2021,12.826086956521738,12.865612648221344,cle
387,2022,13.590909090909092,12.979249011857709,cle
388,2023,12.545454545454543,12.990612648221344,cle
389,2024,12.181818181818182,12.786067193675889,cle
390,1960,11.363636363636363,11.363636363636363,clt
391,1961,12.5,11.931818181818182,clt
392,1962,12.545454545454543,12.136363636363637,clt
393,1963,12.954545454545457,12.34090909090909,clt
394,1964,12.454545454545457,12.613636363636363,clt
395,1965,12.909090909090908,12.71590909090909,clt
396,1966,12.909090909090908,12.806818181818182,clt
397,1967,12.318181818181818,12.647727272727272,clt
398,1968,13.272727272727272,12.852272727272728,clt
399,1969,11.681818181818182,12.545454545454543,clt
400,1970,11.954545454545457,12.306818181818183,clt
401,1971,12.909090909090908,12.454545454545457,clt
402,1972,12.363636363636363,12.227272727272728,clt
403,1973,11.818181818181818,12.261363636363637,clt
404,1974,12.681818181818182,12.443181818181818,clt
405,1975,13.045454545454543,12.477272727272728,clt
406,1976,13.636363636363637,12.795454545454549,clt
407,1977,13.090909090909092,13.113636363636363,clt
408,1978,13.363636363636363,13.28409090909091,clt
409,1979,13.181818181818182,13.318181818181818,clt
410,1980,14.5,13.53409090909091,clt
411,1981,14.0,13.761363636363637,clt
412,1982,7.772727272727272,12.363636363636363,clt
413,1983,13.0,12.318181818181818,clt
414,1984,13.136363636363637,11.977272727272728,clt
415,1985,14.318181818181818,12.056818181818182,clt
416,1986,13.454545454545457,13.477272727272728,clt
417,1987,10.818181818181818,12.931818181818182,clt
418,1988,14.0,13.147727272727272,clt
419,1989,14.045454545454543,13.079545454545457,clt
420,1990,13.363636363636363,13.05681818181818,clt
421,1991,12.26086956521739,13.417490118577074,clt
422,1992,13.363636363636363,13.258399209486166,clt
423,1993,13.681818181818182,13.167490118577074,clt
424,1994,14.045454545454543,13.33794466403162,clt
425,1995,14.727272727272728,13.954545454545457,clt
426,1996,12.5,13.738636363636363,clt
427,1997,13.363636363636363,13.65909090909091,clt
428,1998,13.181818181818182,13.443181818181818,clt
429,1999,14.772727272727272,13.454545454545457,clt
430,2000,14.909090909090908,14.056818181818182,clt
431,2001,14.318181818181818,14.295454545454543,clt
432,2002,13.863636363636363,14.46590909090909,clt
433,2003,14.0,14.272727272727272,clt
434,2004,14.136363636363637,14.079545454545457,clt
435,2005,14.727272727272728,14.181818181818182,clt
436,2006,14.5,14.340909090909092,clt
437,2007,13.409090909090908,14.193181818181818,clt
438,2008,13.590909090909092,14.056818181818182,clt
439,2009,12.727272727272728,13.556818181818182,clt
440,2010,12.954545454545457,13.170454545454543,clt
441,2011,12.818181818181818,13.022727272727272,clt
442,2012,12.818181818181818,12.829545454545451,clt
443,2013,12.863636363636363,12.863636363636363,clt
444,2014,13.590909090909092,13.022727272727272,clt
445,2015,13.181818181818182,13.113636363636363,clt
446,2016,12.454545454545457,13.022727272727272,clt
447,2017,12.181818181818182,12.852272727272728,clt
448,2018,12.090909090909092,12.477272727272728,clt
449,2019,13.136363636363637,12.465909090909092,clt
450,2020,13.909090909090908,12.829545454545457,clt
451,2021,14.142857142857142,13.319805194805197,clt
452,2022,13.818181818181818,13.751623376623376,clt
453,2023,13.428571428571429,13.824675324675324,clt
454,2024,13.318181818181818,13.676948051948052,clt
455,1960,10.136363636363637,10.136363636363637,crd
456,1961,11.409090909090908,10.772727272727272,crd
457,1962,11.954545454545457,11.166666666666666,crd
458,1963,12.863636363636363,11.59090909090909,crd
459,1964,11.590909090909092,11.954545454545451,crd
460,1965,12.318181818181818,12.181818181818182,crd
461,1966,11.782608695652174,12.13883399209486,crd
462,1967,12.863636363636363,12.13883399209486,crd
463,1968,12.636363636363637,12.400197628458498,crd
464,1969,12.181818181818182,12.36610671936759,crd
465,1970,13.181818181818182,12.715909090909092,crd
466,1971,10.772727272727272,12.193181818181818,crd
467,1972,11.227272727272728,11.840909090909092,crd
468,1973,11.478260869565217,11.665019762845851,crd
469,1974,12.818181818181818,11.574110671936758,crd
470,1975,12.772727272727272,12.074110671936758,crd
471,1976,12.727272727272728,12.449110671936758,crd
472,1977,12.090909090909092,12.602272727272728,crd
473,1978,13.227272727272728,12.704545454545457,crd
474,1979,13.545454545454543,12.897727272727272,crd
475,1980,13.409090909090908,13.068181818181818,crd
476,1981,13.136363636363637,13.329545454545451,crd
477,1982,8.590909090909092,12.170454545454543,crd
478,1983,13.772727272727272,12.227272727272728,crd
479,1984,14.227272727272728,12.431818181818182,crd
480,1985,14.318181818181818,12.727272727272728,crd
481,1986,13.272727272727272,13.897727272727272,crd
482,1987,11.590909090909092,13.352272727272728,crd
483,1988,15.045454545454543,13.556818181818183,crd
484,1989,13.181818181818182,13.272727272727272,crd
485,1990,15.090909090909092,13.727272727272728,crd
486,1991,13.772727272727272,14.272727272727272,crd
487,1992,13.045454545454543,13.772727272727272,crd
488,1993,13.136363636363637,13.761363636363637,crd
489,1994,13.681818181818182,13.409090909090908,crd
490,1995,12.681818181818182,13.136363636363637,crd
491,1996,14.227272727272728,13.431818181818182,crd
492,1997,13.0,13.397727272727272,crd
493,1998,13.909090909090908,13.454545454545451,crd
494,1999,13.409090909090908,13.636363636363637,crd
495,2000,13.227272727272728,13.386363636363637,crd
496,2001,13.681818181818182,13.556818181818182,crd
497,2002,13.090909090909092,13.352272727272728,crd
498,2003,13.772727272727272,13.443181818181818,crd
499,2004,13.454545454545457,13.5,crd
500,2005,12.272727272727272,13.147727272727272,crd
501,2006,12.818181818181818,13.079545454545457,crd
502,2007,13.545454545454543,13.022727272727272,crd
503,2008,13.681818181818182,13.079545454545457,crd
504,2009,14.545454545454543,13.647727272727272,crd
505,2010,13.636363636363637,13.852272727272728,crd
506,2011,13.409090909090908,13.818181818181817,crd
507,2012,13.0,13.647727272727272,crd
508,2013,14.454545454545457,13.625,crd
509,2014,12.772727272727272,13.40909090909091,crd
510,2015,13.272727272727272,13.375,crd
511,2016,13.136363636363637,13.40909090909091,crd
512,2017,11.590909090909092,12.69318181818182,crd
513,2018,11.545454545454543,12.386363636363637,crd
514,2019,13.227272727272728,12.375,crd
515,2020,12.227272727272728,12.147727272727272,crd
516,2021,12.681818181818182,12.420454545454543,crd
517,2022,11.954545454545457,12.522727272727272,crd
518,2023,12.0,12.21590909090909,crd
519,2024,14.454545454545457,12.772727272727272,crd
520,1960,11.681818181818182,11.681818181818182,den
521,1961,11.409090909090908,11.545454545454543,den
522,1962,11.681818181818182,11.590909090909092,den
523,1963,11.0,11.443181818181818,den
524,1964,11.818181818181818,11.477272727272728,den
525,1965,11.454545454545457,11.488636363636363,den
526,1966,10.772727272727272,11.261363636363637,den
527,1967,10.818181818181818,11.21590909090909,den
528,1968,11.227272727272728,11.06818181818182,den
529,1969,12.0,11.204545454545451,den
530,1970,12.636363636363637,11.670454545454543,den
531,1971,12.272727272727272,12.034090909090908,den
532,1972,11.318181818181818,12.056818181818182,den
533,1973,13.045454545454543,12.31818181818182,den
534,1974,12.318181818181818,12.238636363636363,den
535,1975,11.863636363636363,12.136363636363637,den
536,1976,12.391304347826088,12.404644268774703,den
537,1977,13.136363636363637,12.427371541501977,den
538,1978,14.681818181818182,13.018280632411068,den
539,1979,14.318181818181818,13.63191699604743,den
540,1980,14.0,14.03409090909091,den
541,1981,14.636363636363637,14.409090909090908,den
542,1982,7.954545454545454,12.727272727272728,den
543,1983,13.772727272727272,12.590909090909092,den
544,1984,14.636363636363637,12.75,den
545,1985,13.818181818181818,12.545454545454543,den
546,1986,14.545454545454543,14.193181818181818,den
547,1987,10.772727272727272,13.443181818181818,den
548,1988,13.727272727272728,13.215909090909092,den
549,1989,14.227272727272728,13.318181818181818,den
550,1990,13.681818181818182,13.102272727272728,den
551,1991,14.0,13.909090909090908,den
552,1992,14.090909090909092,14.0,den
553,1993,14.0,13.943181818181818,den
554,1994,13.636363636363637,13.931818181818183,den
555,1995,14.045454545454543,13.943181818181818,den
556,1996,15.318181818181818,14.25,den
557,1997,14.772727272727272,14.443181818181818,den
558,1998,15.045454545454543,14.795454545454549,den
559,1999,14.045454545454543,14.795454545454549,den
560,2000,14.636363636363637,14.625,den
561,2001,14.409090909090908,14.534090909090908,den
562,2002,14.545454545454543,14.409090909090908,den
563,2003,13.0,14.147727272727272,den
564,2004,14.863636363636363,14.204545454545451,den
565,2005,14.954545454545457,14.340909090909092,den
566,2006,14.136363636363637,14.238636363636363,den
567,2007,13.318181818181818,14.318181818181818,den
568,2008,13.272727272727272,13.920454545454543,den
569,2009,13.772727272727272,13.625,den
570,2010,13.318181818181818,13.420454545454549,den
571,2011,13.136363636363637,13.375,den
572,2012,14.227272727272728,13.613636363636363,den
573,2013,13.818181818181818,13.625,den
574,2014,13.863636363636363,13.761363636363637,den
575,2015,13.590909090909092,13.875,den
576,2016,13.590909090909092,13.715909090909092,den
577,2017,13.272727272727272,13.579545454545457,den
578,2018,12.818181818181818,13.318181818181818,den
579,2019,12.545454545454543,13.056818181818183,den
580,2020,12.863636363636363,12.875,den
581,2021,12.590909090909092,12.704545454545457,den
582,2022,12.454545454545457,12.613636363636363,den
583,2023,13.954545454545457,12.96590909090909,den
584,2024,14.181818181818182,13.295454545454549,den
585,1960,11.0,11.0,det
586,1961,12.727272727272728,11.863636363636363,det
587,1962,12.772727272727272,12.166666666666666,det
588,1963,11.772727272727272,12.068181818181818,det
589,1964,11.73913043478261,12.25296442687747,det
590,1965,11.318181818181818,11.900691699604744,det
591,1966,12.954545454545457,11.946146245059287,det
592,1967,11.954545454545457,11.991600790513834,det
593,1968,12.863636363636363,12.272727272727272,det
594,1969,12.318181818181818,12.522727272727272,det
595,1970,12.545454545454543,12.420454545454543,det
596,1971,12.681818181818182,12.602272727272728,det
597,1972,12.181818181818182,12.431818181818182,det
598,1973,12.045454545454543,12.363636363636363,det
599,1974,12.5,12.352272727272728,det
600,1975,12.318181818181818,12.261363636363637,det
601,1976,11.909090909090908,12.193181818181817,det
602,1977,11.545454545454543,12.068181818181817,det
603,1978,14.090909090909092,12.46590909090909,det
604,1979,12.954545454545457,12.625,det
605,1980,13.954545454545457,13.136363636363637,det
606,1981,14.909090909090908,13.977272727272728,det
607,1982,7.318181818181818,12.28409090909091,det
608,1983,13.681818181818182,12.465909090909092,det
609,1984,13.727272727272728,12.409090909090908,det
610,1985,12.954545454545457,11.920454545454543,det
611,1986,14.227272727272728,13.647727272727272,det
612,1987,10.454545454545457,12.84090909090909,det
613,1988,14.272727272727272,12.977272727272728,det
614,1989,13.363636363636363,13.079545454545457,det
615,1990,13.318181818181818,12.852272727272728,det
616,1991,14.636363636363637,13.897727272727272,det
617,1992,13.636363636363637,13.738636363636363,det
618,1993,13.636363636363637,13.806818181818182,det
619,1994,14.090909090909092,14.0,det
620,1995,14.954545454545457,14.079545454545457,det
621,1996,14.0,14.170454545454549,det
622,1997,14.227272727272728,14.318181818181818,det
623,1998,14.0,14.295454545454543,det
624,1999,13.136363636363637,13.84090909090909,det
625,2000,13.409090909090908,13.693181818181818,det
626,2001,13.318181818181818,13.46590909090909,det
627,2002,12.909090909090908,13.193181818181818,det
628,2003,14.318181818181818,13.488636363636363,det
629,2004,14.590909090909092,13.784090909090908,det
630,2005,13.0,13.704545454545451,det
631,2006,12.045454545454543,13.488636363636363,det
632,2007,13.590909090909092,13.306818181818183,det
633,2008,12.0,12.65909090909091,det
634,2009,12.272727272727272,12.477272727272728,det
635,2010,12.954545454545457,12.704545454545457,det
636,2011,14.227272727272728,12.863636363636363,det
637,2012,12.954545454545457,13.102272727272728,det
638,2013,13.954545454545457,13.522727272727272,det
639,2014,13.545454545454543,13.670454545454543,det
640,2015,12.636363636363637,13.272727272727272,det
641,2016,13.181818181818182,13.329545454545457,det
642,2017,13.136363636363637,13.125,det
643,2018,12.863636363636363,12.954545454545457,det
644,2019,12.409090909090908,12.897727272727272,det
645,2020,11.545454545454543,12.488636363636363,det
646,2021,12.238095238095235,12.264069264069263,det
647,2022,13.409090909090908,12.4004329004329,det
648,2023,13.391304347826088,12.645986260116697,det
649,2024,13.727272727272728,13.19144080557124,det
650,1960,11.318181818181818,11.318181818181818,gnb
651,1961,12.5,11.90909090909091,gnb
652,1962,13.363636363636363,12.393939393939393,gnb
653,1963,13.090909090909092,12.568181818181818,gnb
654,1964,12.818181818181818,12.943181818181818,gnb
655,1965,12.863636363636363,13.034090909090908,gnb
656,1966,13.363636363636363,13.03409090909091,gnb
657,1967,12.954545454545457,13.0,gnb
658,1968,13.363636363636363,13.136363636363637,gnb
659,1969,12.590909090909092,13.068181818181818,gnb
660,1970,12.409090909090908,12.829545454545451,gnb
661,1971,12.727272727272728,12.772727272727272,gnb
662,1972,13.454545454545457,12.795454545454549,gnb
663,1973,12.272727272727272,12.715909090909092,gnb
664,1974,12.136363636363637,12.647727272727272,gnb
665,1975,12.045454545454543,12.477272727272728,gnb
666,1976,12.818181818181818,12.318181818181818,gnb
667,1977,12.227272727272728,12.306818181818182,gnb
668,1978,15.818181818181818,13.227272727272728,gnb
669,1979,13.818181818181818,13.670454545454543,gnb
670,1980,14.863636363636363,14.181818181818182,gnb
671,1981,14.863636363636363,14.84090909090909,gnb
672,1982,8.454545454545455,13.0,gnb
673,1983,13.590909090909092,12.943181818181818,gnb
674,1984,14.681818181818182,12.897727272727272,gnb
675,1985,14.090909090909092,12.704545454545457,gnb
676,1986,13.045454545454543,13.852272727272728,gnb
677,1987,10.909090909090908,13.181818181818182,gnb
678,1988,13.227272727272728,12.818181818181818,gnb
679,1989,14.909090909090908,13.022727272727272,gnb
680,1990,14.454545454545457,13.375,gnb
681,1991,14.363636363636363,14.238636363636363,gnb
682,1992,13.136363636363637,14.215909090909092,gnb
683,1993,13.909090909090908,13.96590909090909,gnb
684,1994,14.818181818181818,14.056818181818182,gnb
685,1995,14.5,14.090909090909092,gnb
686,1996,14.545454545454543,14.443181818181817,gnb
687,1997,14.636363636363637,14.625,gnb
688,1998,14.272727272727272,14.488636363636363,gnb
689,1999,14.409090909090908,14.46590909090909,gnb
690,2000,13.681818181818182,14.25,gnb
691,2001,14.272727272727272,14.15909090909091,gnb
692,2002,13.5,13.96590909090909,gnb
693,2003,14.727272727272728,14.045454545454549,gnb
694,2004,13.863636363636363,14.09090909090909,gnb
695,2005,13.227272727272728,13.829545454545457,gnb
696,2006,14.227272727272728,14.011363636363637,gnb
697,2007,13.681818181818182,13.749999999999998,gnb
698,2008,13.545454545454543,13.670454545454543,gnb
699,2009,13.318181818181818,13.693181818181818,gnb
700,2010,13.272727272727272,13.454545454545457,gnb
701,2011,13.727272727272728,13.465909090909092,gnb
702,2012,12.409090909090908,13.181818181818182,gnb
703,2013,13.545454545454543,13.238636363636363,gnb
704,2014,14.363636363636363,13.511363636363637,gnb
705,2015,13.590909090909092,13.477272727272728,gnb
706,2016,12.636363636363637,13.53409090909091,gnb
707,2017,12.545454545454543,13.284090909090908,gnb
708,2018,11.772727272727272,12.636363636363637,gnb
709,2019,14.181818181818182,12.78409090909091,gnb
710,2020,13.363636363636363,12.96590909090909,gnb
711,2021,14.045454545454543,13.340909090909092,gnb
712,2022,14.090909090909092,13.920454545454549,gnb
713,2023,13.454545454545457,13.738636363636363,gnb
714,2024,14.409090909090908,14.0,gnb
715,1960,,,htx
716,1961,,,htx
717,1962,,,htx
718,1963,,,htx
719,1964,,,htx
720,1965,,,htx
721,1966,,,htx
722,1967,,,htx
723,1968,,,htx
724,1969,,,htx
725,1970,,,htx
726,1971,,,htx
727,1972,,,htx
728,1973,,,htx
729,1974,,,htx
730,1975,,,htx
731,1976,,,htx
732,1977,,,htx
733,1978,,,htx
734,1979,,,htx
735,1980,,,htx
736,1981,,,htx
737,1982,,,htx
738,1983,,,htx
739,1984,,,htx
740,1985,,,htx
741,1986,,,htx
742,1987,,,htx
743,1988,,,htx
744,1989,,,htx
745,1990,,,htx
746,1991,,,htx
747,1992,,,htx
748,1993,,,htx
749,1994,,,htx
750,1995,,,htx
751,1996,,,htx
752,1997,,,htx
753,1998,,,htx
754,1999,,,htx
755,2000,,,htx
756,2001,,,htx
757,2002,13.863636363636363,13.863636363636363,htx
758,2003,13.045454545454543,13.454545454545451,htx
759,2004,14.045454545454543,13.65151515151515,htx
760,2005,12.909090909090908,13.46590909090909,htx
761,2006,12.772727272727272,13.193181818181818,htx
762,2007,13.045454545454543,13.193181818181818,htx
763,2008,13.590909090909092,13.079545454545457,htx
764,2009,13.545454545454543,13.238636363636363,htx
765,2010,13.545454545454543,13.431818181818182,htx
766,2011,14.227272727272728,13.727272727272728,htx
767,2012,14.090909090909092,13.852272727272728,htx
768,2013,13.272727272727272,13.784090909090908,htx
769,2014,13.545454545454543,13.78409090909091,htx
770,2015,12.681818181818182,13.397727272727272,htx
771,2016,12.681818181818182,13.045454545454543,htx
772,2017,11.5,12.602272727272728,htx
773,2018,13.545454545454543,12.602272727272728,htx
774,2019,13.136363636363637,12.71590909090909,htx
775,2020,12.727272727272728,12.727272727272728,htx
776,2021,12.045454545454543,12.863636363636363,htx
777,2022,13.5,12.852272727272728,htx
778,2023,12.181818181818182,12.613636363636363,htx
779,2024,13.181818181818182,12.727272727272728,htx
780,1960,,,jax
781,1961,,,jax
782,1962,,,jax
783,1963,,,jax
784,1964,,,jax
785,1965,,,jax
786,1966,,,jax
787,1967,,,jax
788,1968,,,jax
789,1969,,,jax
790,1970,,,jax
791,1971,,,jax
792,1972,,,jax
793,1973,,,jax
794,1974,,,jax
795,1975,,,jax
796,1976,,,jax
797,1977,,,jax
798,1978,,,jax
799,1979,,,jax
800,1980,,,jax
801,1981,,,jax
802,1982,,,jax
803,1983,,,jax
804,1984,,,jax
805,1985,,,jax
806,1986,,,jax
807,1987,,,jax
808,1988,,,jax
809,1989,,,jax
810,1990,,,jax
811,1991,,,jax
812,1992,,,jax
813,1993,,,jax
814,1994,,,jax
815,1995,12.363636363636363,12.363636363636363,jax
816,1996,12.863636363636363,12.613636363636363,jax
817,1997,13.272727272727272,12.833333333333334,jax
818,1998,13.727272727272728,13.056818181818182,jax
819,1999,14.227272727272728,13.522727272727272,jax
820,2000,13.272727272727272,13.625,jax
821,2001,13.181818181818182,13.602272727272728,jax
822,2002,13.954545454545457,13.65909090909091,jax
823,2003,14.636363636363637,13.761363636363637,jax
824,2004,14.0,13.943181818181818,jax
825,2005,13.954545454545457,14.136363636363637,jax
826,2006,13.772727272727272,14.090909090909092,jax
827,2007,12.863636363636363,13.647727272727272,jax
828,2008,13.0,13.397727272727272,jax
829,2009,13.545454545454543,13.295454545454549,jax
830,2010,13.0,13.102272727272728,jax
831,2011,13.0,13.136363636363637,jax
832,2012,11.863636363636363,12.852272727272728,jax
833,2013,12.909090909090908,12.693181818181817,jax
834,2014,12.409090909090908,12.545454545454543,jax
835,2015,13.863636363636363,12.761363636363637,jax
836,2016,13.272727272727272,13.113636363636363,jax
837,2017,14.272727272727272,13.454545454545457,jax
838,2018,12.181818181818182,13.397727272727272,jax
839,2019,13.045454545454543,13.193181818181818,jax
840,2020,11.181818181818182,12.670454545454543,jax
841,2021,13.238095238095235,12.411796536796537,jax
842,2022,15.045454545454543,13.127705627705629,jax
843,2023,14.409090909090908,13.468614718614718,jax
844,2024,13.0,13.923160173160174,jax
845,1960,11.636363636363637,11.636363636363637,kan
846,1961,12.045454545454543,11.84090909090909,kan
847,1962,12.318181818181818,12.0,kan
848,1963,11.909090909090908,11.977272727272728,kan
849,1964,12.409090909090908,12.170454545454543,kan
850,1965,13.5,12.53409090909091,kan
851,1966,13.0,12.704545454545451,kan
852,1967,11.863636363636363,12.693181818181818,kan
853,1968,12.954545454545457,12.829545454545451,kan
854,1969,13.227272727272728,12.761363636363637,kan
855,1970,12.5,12.636363636363637,kan
856,1971,13.363636363636363,13.011363636363637,kan
857,1972,12.318181818181818,12.852272727272728,kan
858,1973,12.363636363636363,12.636363636363637,kan
859,1974,11.545454545454543,12.397727272727272,kan
860,1975,11.090909090909092,11.829545454545451,kan
861,1976,12.090909090909092,11.772727272727272,kan
862,1977,11.363636363636363,11.522727272727272,kan
863,1978,14.5,12.261363636363637,kan
864,1979,13.636363636363637,12.897727272727272,kan
865,1980,13.909090909090908,13.352272727272728,kan
866,1981,13.636363636363637,13.920454545454543,kan
867,1982,7.863636363636363,12.261363636363637,kan
868,1983,13.363636363636363,12.193181818181818,kan
869,1984,13.181818181818182,12.011363636363637,kan
870,1985,13.0,11.852272727272728,kan
871,1986,13.772727272727272,13.329545454545457,kan
872,1987,9.636363636363637,12.397727272727272,kan
873,1988,11.772727272727272,12.045454545454549,kan
874,1989,13.727272727272728,12.227272727272728,kan
875,1990,13.545454545454543,12.170454545454549,kan
876,1991,13.818181818181818,13.21590909090909,kan
877,1992,13.454545454545457,13.636363636363637,kan
878,1993,14.045454545454543,13.71590909090909,kan
879,1994,13.636363636363637,13.738636363636363,kan
880,1995,14.409090909090908,13.886363636363637,kan
881,1996,14.045454545454543,14.03409090909091,kan
882,1997,14.090909090909092,14.045454545454549,kan
883,1998,13.545454545454543,14.022727272727272,kan
884,1999,14.636363636363637,14.079545454545457,kan
885,2000,14.318181818181818,14.147727272727272,kan
886,2001,13.954545454545457,14.113636363636363,kan
887,2002,14.363636363636363,14.318181818181818,kan
888,2003,15.409090909090908,14.511363636363637,kan
889,2004,13.181818181818182,14.227272727272728,kan
890,2005,13.954545454545457,14.227272727272728,kan
891,2006,14.272727272727272,14.204545454545457,kan
892,2007,14.0,13.852272727272728,kan
893,2008,13.272727272727272,13.875,kan
894,2009,12.772727272727272,13.579545454545457,kan
895,2010,14.045454545454543,13.522727272727272,kan
896,2011,13.681818181818182,13.443181818181818,kan
897,2012,12.772727272727272,13.318181818181818,kan
898,2013,12.954545454545457,13.363636363636363,kan
899,2014,13.636363636363637,13.261363636363637,kan
900,2015,12.818181818181818,13.045454545454549,kan
901,2016,13.409090909090908,13.204545454545457,kan
902,2017,12.454545454545457,13.079545454545457,kan
903,2018,13.363636363636363,13.011363636363637,kan
904,2019,12.954545454545457,13.045454545454549,kan
905,2020,12.590909090909092,12.84090909090909,kan
906,2021,13.5,13.102272727272728,kan
907,2022,15.095238095238097,13.535173160173162,kan
908,2023,14.090909090909092,13.819264069264069,kan
909,2024,13.5,14.046536796536795,kan
910,1960,,,mia
911,1961,,,mia
912,1962,,,mia
913,1963,,,mia
914,1964,,,mia
915,1965,,,mia
916,1966,11.363636363636363,11.363636363636363,mia
917,1967,10.681818181818182,11.022727272727272,mia
918,1968,11.409090909090908,11.15151515151515,mia
919,1969,11.954545454545457,11.352272727272728,mia
920,1970,12.909090909090908,11.738636363636363,mia
921,1971,13.0,12.318181818181817,mia
922,1972,12.818181818181818,12.670454545454543,mia
923,1973,13.136363636363637,12.965909090909092,mia
924,1974,11.636363636363637,12.647727272727272,mia
925,1975,12.090909090909092,12.420454545454549,mia
926,1976,11.318181818181818,12.045454545454549,mia
927,1977,12.045454545454543,11.772727272727272,mia
928,1978,14.090909090909092,12.386363636363637,mia
929,1979,14.727272727272728,13.045454545454543,mia
930,1980,13.909090909090908,13.693181818181817,mia
931,1981,13.954545454545457,14.170454545454543,mia
932,1982,8.409090909090908,12.75,mia
933,1983,14.590909090909092,12.715909090909092,mia
934,1984,13.954545454545457,12.727272727272728,mia
935,1985,13.909090909090908,12.71590909090909,mia
936,1986,14.0,14.113636363636363,mia
937,1987,10.727272727272728,13.147727272727272,mia
938,1988,13.681818181818182,13.079545454545451,mia
939,1989,13.909090909090908,13.079545454545457,mia
940,1990,14.954545454545457,13.318181818181818,mia
941,1991,13.590909090909092,14.03409090909091,mia
942,1992,13.909090909090908,14.09090909090909,mia
943,1993,13.454545454545457,13.977272727272728,mia
944,1994,13.954545454545457,13.727272727272728,mia
945,1995,14.454545454545457,13.943181818181818,mia
946,1996,13.636363636363637,13.875,mia
947,1997,13.772727272727272,13.954545454545457,mia
948,1998,14.772727272727272,14.159090909090908,mia
949,1999,13.0,13.795454545454543,mia
950,2000,14.818181818181818,14.090909090909092,mia
951,2001,13.863636363636363,14.113636363636363,mia
952,2002,14.636363636363637,14.079545454545457,mia
953,2003,14.681818181818182,14.5,mia
954,2004,13.227272727272728,14.102272727272728,mia
955,2005,13.954545454545457,14.125,mia
956,2006,13.863636363636363,13.931818181818182,mia
957,2007,12.318181818181818,13.340909090909092,mia
958,2008,14.181818181818182,13.579545454545457,mia
959,2009,13.090909090909092,13.363636363636363,mia
960,2010,13.545454545454543,13.28409090909091,mia
961,2011,13.772727272727272,13.647727272727272,mia
962,2012,14.772727272727272,13.795454545454549,mia
963,2013,13.909090909090908,14.0,mia
964,2014,14.0,14.113636363636363,mia
965,2015,13.409090909090908,14.022727272727272,mia
966,2016,12.090909090909092,13.352272727272728,mia
967,2017,12.545454545454543,13.011363636363637,mia
968,2018,13.409090909090908,12.863636363636363,mia
969,2019,10.863636363636363,12.227272727272728,mia
970,2020,11.954545454545457,12.193181818181817,mia
971,2021,13.363636363636363,12.397727272727272,mia
972,2022,14.227272727272728,12.602272727272728,mia
973,2023,13.409090909090908,13.238636363636363,mia
974,2024,13.272727272727272,13.568181818181818,mia
975,1960,,,min
976,1961,11.818181818181818,11.818181818181818,min
977,1962,12.636363636363637,12.227272727272728,min
978,1963,12.727272727272728,12.393939393939393,min
979,1964,12.681818181818182,12.46590909090909,min
980,1965,12.045454545454543,12.522727272727272,min
981,1966,12.090909090909092,12.386363636363637,min
982,1967,12.590909090909092,12.352272727272728,min
983,1968,12.954545454545457,12.420454545454549,min
984,1969,13.227272727272728,12.715909090909092,min
985,1970,12.545454545454543,12.829545454545457,min
986,1971,12.272727272727272,12.75,min
987,1972,12.772727272727272,12.704545454545457,min
988,1973,12.863636363636363,12.613636363636363,min
989,1974,12.181818181818182,12.522727272727272,min
990,1975,12.727272727272728,12.636363636363637,min
991,1976,13.454545454545457,12.806818181818182,min
992,1977,13.409090909090908,12.943181818181818,min
993,1978,14.909090909090908,13.625,min
994,1979,14.318181818181818,14.022727272727272,min
995,1980,14.818181818181818,14.363636363636363,min
996,1981,14.909090909090908,14.738636363636363,min
997,1982,8.090909090909092,13.03409090909091,min
998,1983,13.454545454545457,12.818181818181818,min
999,1984,12.727272727272728,12.295454545454543,min
1000,1985,13.090909090909092,11.840909090909092,min
1001,1986,13.909090909090908,13.295454545454543,min
1002,1987,10.545454545454543,12.568181818181818,min
1003,1988,14.090909090909092,12.90909090909091,min
1004,1989,14.136363636363637,13.170454545454543,min
1005,1990,14.0,13.193181818181818,min
1006,1991,13.909090909090908,14.034090909090908,min
1007,1992,14.590909090909092,14.15909090909091,min
1008,1993,14.136363636363637,14.15909090909091,min
1009,1994,15.409090909090908,14.511363636363637,min
1010,1995,13.272727272727272,14.352272727272728,min
1011,1996,13.045454545454543,13.96590909090909,min
1012,1997,14.227272727272728,13.988636363636363,min
1013,1998,14.590909090909092,13.784090909090908,min
1014,1999,13.681818181818182,13.886363636363637,min
1015,2000,14.136363636363637,14.159090909090908,min
1016,2001,12.954545454545457,13.84090909090909,min
1017,2002,13.681818181818182,13.613636363636363,min
1018,2003,13.954545454545457,13.681818181818182,min
1019,2004,13.227272727272728,13.454545454545457,min
1020,2005,12.181818181818182,13.261363636363637,min
1021,2006,13.818181818181818,13.295454545454543,min
1022,2007,13.5,13.181818181818182,min
1023,2008,13.863636363636363,13.34090909090909,min
1024,2009,14.454545454545457,13.90909090909091,min
1025,2010,13.272727272727272,13.772727272727272,min
1026,2011,13.090909090909092,13.670454545454543,min
1027,2012,14.090909090909092,13.727272727272728,min
1028,2013,12.818181818181818,13.318181818181818,min
1029,2014,12.863636363636363,13.21590909090909,min
1030,2015,14.0,13.443181818181818,min
1031,2016,13.090909090909092,13.193181818181818,min
1032,2017,14.0,13.488636363636363,min
1033,2018,13.227272727272728,13.579545454545457,min
1034,2019,13.727272727272728,13.511363636363637,min
1035,2020,13.363636363636363,13.579545454545451,min
1036,2021,13.454545454545457,13.443181818181818,min
1037,2022,14.818181818181818,13.84090909090909,min
1038,2023,13.727272727272728,13.84090909090909,min
1039,2024,14.772727272727272,14.19318181818182,min
1040,1960,,,nor
1041,1961,,,nor
1042,1962,,,nor
1043,1963,,,nor
1044,1964,,,nor
1045,1965,,,nor
1046,1966,,,nor
1047,1967,11.090909090909092,11.090909090909092,nor
1048,1968,12.409090909090908,11.75,nor
1049,1969,12.863636363636363,12.12121212121212,nor
1050,1970,11.227272727272728,11.897727272727272,nor
1051,1971,12.136363636363637,12.159090909090908,nor
1052,1972,11.181818181818182,11.852272727272728,nor
1053,1973,12.409090909090908,11.738636363636363,nor
1054,1974,11.681818181818182,11.852272727272728,nor
1055,1975,11.590909090909092,11.71590909090909,nor
1056,1976,12.045454545454543,11.931818181818182,nor
1057,1977,11.863636363636363,11.795454545454543,nor
1058,1978,14.772727272727272,12.568181818181818,nor
1059,1979,14.818181818181818,13.375,nor
1060,1980,12.681818181818182,13.53409090909091,nor
1061,1981,14.045454545454543,14.079545454545451,nor
1062,1982,8.454545454545455,12.5,nor
1063,1983,14.863636363636363,12.511363636363637,nor
1064,1984,14.363636363636363,12.931818181818182,nor
1065,1985,13.136363636363637,12.704545454545457,nor
1066,1986,13.772727272727272,14.034090909090908,nor
1067,1987,11.136363636363637,13.102272727272728,nor
1068,1988,13.136363636363637,12.795454545454543,nor
1069,1989,14.136363636363637,13.045454545454549,nor
1070,1990,14.636363636363637,13.261363636363637,nor
1071,1991,13.727272727272728,13.909090909090908,nor
1072,1992,14.363636363636363,14.215909090909092,nor
1073,1993,13.454545454545457,14.045454545454543,nor
1074,1994,13.727272727272728,13.818181818181818,nor
1075,1995,13.954545454545457,13.875,nor
1076,1996,12.954545454545457,13.522727272727272,nor
1077,1997,13.590909090909092,13.556818181818182,nor
1078,1998,13.363636363636363,13.465909090909092,nor
1079,1999,13.045454545454543,13.238636363636363,nor
1080,2000,14.0,13.5,nor
1081,2001,14.545454545454543,13.738636363636363,nor
1082,2002,14.272727272727272,13.96590909090909,nor
1083,2003,13.090909090909092,13.977272727272728,nor
1084,2004,12.772727272727272,13.670454545454543,nor
1085,2005,12.772727272727272,13.227272727272728,nor
1086,2006,13.727272727272728,13.090909090909092,nor
1087,2007,13.681818181818182,13.238636363636363,nor
1088,2008,12.590909090909092,13.193181818181818,nor
1089,2009,13.136363636363637,13.28409090909091,nor
1090,2010,13.681818181818182,13.272727272727272,nor
1091,2011,13.090909090909092,13.125,nor
1092,2012,13.318181818181818,13.306818181818182,nor
1093,2013,13.227272727272728,13.329545454545457,nor
1094,2014,12.818181818181818,13.113636363636363,nor
1095,2015,12.772727272727272,13.034090909090908,nor
1096,2016,12.454545454545457,12.818181818181818,nor
1097,2017,12.954545454545457,12.75,nor
1098,2018,13.0,12.795454545454549,nor
1099,2019,13.136363636363637,12.886363636363637,nor
1100,2020,12.227272727272728,12.829545454545457,nor
1101,2021,11.909090909090908,12.568181818181817,nor
1102,2022,12.818181818181818,12.522727272727272,nor
1103,2023,13.818181818181818,12.693181818181818,nor
1104,2024,12.454545454545457,12.75,nor
1105,1960,11.136363636363637,11.136363636363637,nwe
1106,1961,11.545454545454543,11.34090909090909,nwe
1107,1962,12.681818181818182,11.787878787878787,nwe
1108,1963,12.545454545454543,11.977272727272728,nwe
1109,1964,12.590909090909092,12.34090909090909,nwe
1110,1965,11.181818181818182,12.25,nwe
1111,1966,12.727272727272728,12.261363636363637,nwe
1112,1967,11.454545454545457,11.988636363636363,nwe
1113,1968,11.636363636363637,11.75,nwe
1114,1969,12.636363636363637,12.113636363636363,nwe
1115,1970,12.045454545454543,11.943181818181818,nwe
1116,1971,12.045454545454543,12.09090909090909,nwe
1117,1972,11.954545454545457,12.170454545454543,nwe
1118,1973,12.090909090909092,12.03409090909091,nwe
1119,1974,12.363636363636363,12.113636363636363,nwe
1120,1975,12.136363636363637,12.136363636363637,nwe
1121,1976,12.727272727272728,12.329545454545457,nwe
1122,1977,12.818181818181818,12.511363636363637,nwe
1123,1978,14.954545454545457,13.15909090909091,nwe
1124,1979,13.954545454545457,13.613636363636363,nwe
1125,1980,14.818181818181818,14.136363636363637,nwe
1126,1981,13.090909090909092,14.204545454545457,nwe
1127,1982,8.045454545454545,12.477272727272728,nwe
1128,1983,13.954545454545457,12.477272727272728,nwe
1129,1984,14.090909090909092,12.295454545454549,nwe
1130,1985,14.0,12.522727272727272,nwe
1131,1986,14.181818181818182,14.056818181818182,nwe
1132,1987,10.363636363636363,13.159090909090908,nwe
1133,1988,13.727272727272728,13.068181818181818,nwe
1134,1989,13.863636363636363,13.034090909090908,nwe
1135,1990,13.0,12.738636363636363,nwe
1136,1991,13.818181818181818,13.602272727272728,nwe
1137,1992,13.136363636363637,13.454545454545457,nwe
1138,1993,13.045454545454543,13.25,nwe
1139,1994,13.636363636363637,13.409090909090908,nwe
1140,1995,13.909090909090908,13.43181818181818,nwe
1141,1996,13.318181818181818,13.477272727272728,nwe
1142,1997,14.272727272727272,13.784090909090908,nwe
1143,1998,13.318181818181818,13.704545454545457,nwe
1144,1999,14.636363636363637,13.886363636363637,nwe
1145,2000,13.0,13.806818181818183,nwe
1146,2001,13.909090909090908,13.715909090909092,nwe
1147,2002,13.636363636363637,13.795454545454543,nwe
1148,2003,13.363636363636363,13.477272727272728,nwe
1149,2004,13.5,13.602272727272728,nwe
1150,2005,12.363636363636363,13.21590909090909,nwe
1151,2006,13.181818181818182,13.102272727272728,nwe
1152,2007,13.363636363636363,13.102272727272728,nwe
1153,2008,13.090909090909092,13.0,nwe
1154,2009,12.227272727272728,12.965909090909092,nwe
1155,2010,12.090909090909092,12.69318181818182,nwe
1156,2011,13.0,12.602272727272728,nwe
1157,2012,13.363636363636363,12.670454545454543,nwe
1158,2013,11.909090909090908,12.59090909090909,nwe
1159,2014,12.636363636363637,12.727272727272728,nwe
1160,2015,11.909090909090908,12.454545454545451,nwe
1161,2016,12.590909090909092,12.261363636363637,nwe
1162,2017,12.0,12.28409090909091,nwe
1163,2018,13.181818181818182,12.420454545454543,nwe
1164,2019,12.681818181818182,12.613636363636363,nwe
1165,2020,12.136363636363637,12.5,nwe
1166,2021,14.181818181818182,13.045454545454543,nwe
1167,2022,13.761904761904765,13.19047619047619,nwe
1168,2023,12.409090909090908,13.122294372294371,nwe
1169,2024,12.727272727272728,13.270021645021645,nwe
1170,1960,10.727272727272728,10.727272727272728,nyg
1171,1961,12.636363636363637,11.681818181818182,nyg
1172,1962,12.227272727272728,11.863636363636363,nyg
1173,1963,12.318181818181818,11.977272727272728,nyg
1174,1964,10.727272727272728,11.977272727272728,nyg
1175,1965,11.045454545454543,11.579545454545451,nyg
1176,1966,10.136363636363637,11.056818181818183,nyg
1177,1967,11.636363636363637,10.886363636363637,nyg
1178,1968,12.863636363636363,11.420454545454549,nyg
1179,1969,11.818181818181818,11.613636363636363,nyg
1180,1970,13.136363636363637,12.363636363636363,nyg
1181,1971,11.727272727272728,12.386363636363637,nyg
1182,1972,13.363636363636363,12.511363636363637,nyg
1183,1973,11.636363636363637,12.465909090909092,nyg
1184,1974,11.318181818181818,12.011363636363637,nyg
1185,1975,12.0,12.079545454545451,nyg
1186,1976,11.772727272727272,11.681818181818183,nyg
1187,1977,12.409090909090908,11.875,nyg
1188,1978,13.5,12.420454545454549,nyg
1189,1979,13.136363636363637,12.704545454545457,nyg
1190,1980,11.727272727272728,12.693181818181818,nyg
1191,1981,13.363636363636363,12.931818181818182,nyg
1192,1982,8.090909090909092,11.579545454545451,nyg
1193,1983,13.181818181818182,11.590909090909092,nyg
1194,1984,13.5,12.03409090909091,nyg
1195,1985,14.863636363636363,12.409090909090908,nyg
1196,1986,14.909090909090908,14.113636363636363,nyg
1197,1987,10.454545454545457,13.431818181818182,nyg
1198,1988,13.863636363636363,13.522727272727272,nyg
1199,1989,14.136363636363637,13.340909090909092,nyg
1200,1990,13.545454545454543,13.0,nyg
1201,1991,13.863636363636363,13.852272727272728,nyg
1202,1992,13.590909090909092,13.78409090909091,nyg
1203,1993,14.045454545454543,13.761363636363637,nyg
1204,1994,13.681818181818182,13.795454545454543,nyg
1205,1995,14.681818181818182,14.0,nyg
1206,1996,14.590909090909092,14.25,nyg
1207,1997,14.090909090909092,14.261363636363637,nyg
1208,1998,14.272727272727272,14.40909090909091,nyg
1209,1999,13.227272727272728,14.045454545454549,nyg
1210,2000,14.772727272727272,14.09090909090909,nyg
1211,2001,14.454545454545457,14.181818181818182,nyg
1212,2002,14.454545454545457,14.227272727272728,nyg
1213,2003,12.863636363636363,14.136363636363637,nyg
1214,2004,12.863636363636363,13.659090909090908,nyg
1215,2005,14.5,13.670454545454543,nyg
1216,2006,13.363636363636363,13.397727272727272,nyg
1217,2007,14.090909090909092,13.704545454545457,nyg
1218,2008,14.318181818181818,14.068181818181818,nyg
1219,2009,13.181818181818182,13.738636363636363,nyg
1220,2010,13.681818181818182,13.81818181818182,nyg
1221,2011,13.409090909090908,13.647727272727272,nyg
1222,2012,13.363636363636363,13.409090909090908,nyg
1223,2013,12.454545454545457,13.227272727272728,nyg
1224,2014,12.727272727272728,12.988636363636363,nyg
1225,2015,12.272727272727272,12.704545454545451,nyg
1226,2016,13.818181818181818,12.818181818181818,nyg
1227,2017,11.909090909090908,12.68181818181818,nyg
1228,2018,12.681818181818182,12.670454545454549,nyg
1229,2019,12.818181818181818,12.80681818181818,nyg
1230,2020,12.818181818181818,12.556818181818182,nyg
1231,2021,13.636363636363637,12.988636363636363,nyg
1232,2022,11.772727272727272,12.761363636363637,nyg
1233,2023,12.478260869565217,12.676383399209488,nyg
1234,2024,12.590909090909092,12.619565217391305,nyg
1235,1960,11.818181818181818,11.818181818181818,nyj
1236,1961,12.227272727272728,12.022727272727272,nyj
1237,1962,11.454545454545457,11.833333333333334,nyj
1238,1963,11.636363636363637,11.78409090909091,nyj
1239,1964,11.909090909090908,11.806818181818182,nyj
1240,1965,12.090909090909092,11.772727272727272,nyj
1241,1966,12.454545454545457,12.022727272727272,nyj
1242,1967,12.954545454545457,12.352272727272728,nyj
1243,1968,12.727272727272728,12.556818181818182,nyj
1244,1969,12.045454545454543,12.545454545454549,nyj
1245,1970,12.409090909090908,12.534090909090908,nyj
1246,1971,11.727272727272728,12.227272727272728,nyj
1247,1972,12.363636363636363,12.136363636363637,nyj
1248,1973,11.045454545454543,11.886363636363637,nyj
1249,1974,12.545454545454543,11.920454545454543,nyj
1250,1975,12.0,11.988636363636363,nyj
1251,1976,11.454545454545457,11.761363636363637,nyj
1252,1977,11.545454545454543,11.886363636363637,nyj
1253,1978,14.818181818181818,12.454545454545457,nyj
1254,1979,14.409090909090908,13.056818181818182,nyj
1255,1980,13.681818181818182,13.613636363636363,nyj
1256,1981,13.818181818181818,14.181818181818182,nyj
1257,1982,8.409090909090908,12.579545454545451,nyj
1258,1983,13.772727272727272,12.420454545454543,nyj
1259,1984,12.227272727272728,12.056818181818182,nyj
1260,1985,12.772727272727272,11.795454545454543,nyj
1261,1986,12.454545454545457,12.806818181818183,nyj
1262,1987,10.045454545454543,11.875,nyj
1263,1988,13.772727272727272,12.261363636363637,nyj
1264,1989,13.363636363636363,12.40909090909091,nyj
1265,1990,14.136363636363637,12.829545454545457,nyj
1266,1991,14.318181818181818,13.897727272727272,nyj
1267,1992,13.818181818181818,13.90909090909091,nyj
1268,1993,14.818181818181818,14.272727272727272,nyj
1269,1994,14.318181818181818,14.318181818181818,nyj
1270,1995,12.5,13.863636363636363,nyj
1271,1996,12.909090909090908,13.636363636363637,nyj
1272,1997,14.318181818181818,13.511363636363637,nyj
1273,1998,14.363636363636363,13.522727272727272,nyj
1274,1999,13.181818181818182,13.693181818181818,nyj
1275,2000,14.409090909090908,14.068181818181817,nyj
1276,2001,15.136363636363637,14.272727272727272,nyj
1277,2002,15.363636363636363,14.522727272727272,nyj
1278,2003,14.681818181818182,14.897727272727272,nyj
1279,2004,14.863636363636363,15.011363636363637,nyj
1280,2005,13.454545454545457,14.59090909090909,nyj
1281,2006,14.363636363636363,14.340909090909092,nyj
1282,2007,13.409090909090908,14.022727272727272,nyj
1283,2008,14.454545454545457,13.920454545454543,nyj
1284,2009,14.090909090909092,14.079545454545457,nyj
1285,2010,13.681818181818182,13.909090909090908,nyj
1286,2011,14.227272727272728,14.113636363636363,nyj
1287,2012,13.727272727272728,13.931818181818182,nyj
1288,2013,13.909090909090908,13.886363636363637,nyj
1289,2014,13.318181818181818,13.795454545454543,nyj
1290,2015,13.863636363636363,13.704545454545457,nyj
1291,2016,12.272727272727272,13.340909090909092,nyj
1292,2017,13.863636363636363,13.329545454545451,nyj
1293,2018,12.045454545454543,13.011363636363637,nyj
1294,2019,11.909090909090908,12.522727272727272,nyj
1295,2020,11.0,12.204545454545451,nyj
1296,2021,12.181818181818182,11.78409090909091,nyj
1297,2022,13.909090909090908,12.25,nyj
1298,2023,13.727272727272728,12.704545454545457,nyj
1299,2024,14.227272727272728,13.511363636363637,nyj
1300,1960,11.863636363636363,11.863636363636363,oti
1301,1961,12.818181818181818,12.34090909090909,oti
1302,1962,13.090909090909092,12.590909090909092,oti
1303,1963,13.0,12.693181818181818,oti
1304,1964,11.818181818181818,12.681818181818182,oti
1305,1965,11.818181818181818,12.431818181818183,oti
1306,1966,10.5,11.78409090909091,oti
1307,1967,11.772727272727272,11.477272727272728,oti
1308,1968,12.590909090909092,11.670454545454543,oti
1309,1969,12.727272727272728,11.897727272727272,oti
1310,1970,12.227272727272728,12.329545454545457,oti
1311,1971,11.863636363636363,12.352272727272728,oti
1312,1972,11.136363636363637,11.988636363636363,oti
1313,1973,11.227272727272728,11.613636363636363,oti
1314,1974,11.545454545454543,11.443181818181818,oti
1315,1975,12.909090909090908,11.704545454545451,oti
1316,1976,12.318181818181818,12.0,oti
1317,1977,12.272727272727272,12.261363636363637,oti
1318,1978,14.681818181818182,13.045454545454543,oti
1319,1979,15.318181818181818,13.647727272727272,oti
1320,1980,14.272727272727272,14.136363636363637,oti
1321,1981,14.681818181818182,14.738636363636363,oti
1322,1982,7.772727272727272,13.011363636363637,oti
1323,1983,13.409090909090908,12.53409090909091,oti
1324,1984,14.318181818181818,12.545454545454543,oti
1325,1985,15.090909090909092,12.647727272727272,oti
1326,1986,13.454545454545457,14.068181818181818,oti
1327,1987,11.136363636363637,13.5,oti
1328,1988,15.136363636363637,13.704545454545457,oti
1329,1989,14.318181818181818,13.511363636363637,oti
1330,1990,15.227272727272728,13.954545454545457,oti
1331,1991,15.136363636363637,14.954545454545451,oti
1332,1992,14.090909090909092,14.693181818181818,oti
1333,1993,13.863636363636363,14.579545454545457,oti
1334,1994,14.272727272727272,14.340909090909092,oti
1335,1995,13.409090909090908,13.90909090909091,oti
1336,1996,14.681818181818182,14.056818181818182,oti
1337,1997,14.954545454545457,14.329545454545451,oti
1338,1998,14.0,14.261363636363637,oti
1339,1999,14.363636363636363,14.5,oti
1340,2000,14.818181818181818,14.53409090909091,oti
1341,2001,14.227272727272728,14.352272727272728,oti
1342,2002,14.227272727272728,14.409090909090908,oti
1343,2003,14.318181818181818,14.397727272727272,oti
1344,2004,12.363636363636363,13.784090909090908,oti
1345,2005,13.772727272727272,13.670454545454543,oti
1346,2006,13.727272727272728,13.545454545454543,oti
1347,2007,14.045454545454543,13.477272727272728,oti
1348,2008,14.272727272727272,13.954545454545457,oti
1349,2009,13.772727272727272,13.954545454545457,oti
1350,2010,13.681818181818182,13.943181818181818,oti
1351,2011,13.818181818181818,13.886363636363637,oti
1352,2012,13.318181818181818,13.647727272727272,oti
1353,2013,13.545454545454543,13.59090909090909,oti
1354,2014,12.272727272727272,13.238636363636363,oti
1355,2015,12.409090909090908,12.886363636363637,oti
1356,2016,12.681818181818182,12.727272727272728,oti
1357,2017,14.090909090909092,12.863636363636363,oti
1358,2018,13.272727272727272,13.113636363636363,oti
1359,2019,12.636363636363637,13.170454545454549,oti
1360,2020,13.045454545454543,13.261363636363637,oti
1361,2021,13.318181818181818,13.068181818181817,oti
1362,2022,12.681818181818182,12.920454545454549,oti
1363,2023,12.142857142857142,12.79707792207792,oti
1364,2024,12.636363636363637,12.694805194805197,oti
1365,1960,10.772727272727272,10.772727272727272,phi
1366,1961,11.818181818181818,11.295454545454549,phi
1367,1962,11.318181818181818,11.303030303030305,phi
1368,1963,11.409090909090908,11.329545454545457,phi
1369,1964,12.090909090909092,11.65909090909091,phi
1370,1965,12.409090909090908,11.806818181818182,phi
1371,1966,11.666666666666666,11.893939393939393,phi
1372,1967,12.136363636363637,12.075757575757574,phi
1373,1968,11.727272727272728,11.984848484848484,phi
1374,1969,12.5,12.007575757575758,phi
1375,1970,12.272727272727272,12.15909090909091,phi
1376,1971,11.954545454545457,12.113636363636363,phi
1377,1972,11.954545454545457,12.170454545454549,phi
1378,1973,11.636363636363637,11.954545454545457,phi
1379,1974,12.909090909090908,12.113636363636363,phi
1380,1975,12.590909090909092,12.272727272727272,phi
1381,1976,12.727272727272728,12.46590909090909,phi
1382,1977,13.227272727272728,12.863636363636363,phi
1383,1978,13.772727272727272,13.079545454545451,phi
1384,1979,14.863636363636363,13.647727272727272,phi
1385,1980,15.454545454545457,14.329545454545451,phi
1386,1981,14.590909090909092,14.670454545454549,phi
1387,1982,8.636363636363637,13.386363636363637,phi
1388,1983,14.272727272727272,13.238636363636363,phi
1389,1984,14.681818181818182,13.045454545454549,phi
1390,1985,14.954545454545457,13.136363636363637,phi
1391,1986,12.636363636363637,14.136363636363637,phi
1392,1987,10.772727272727272,13.261363636363637,phi
1393,1988,14.590909090909092,13.238636363636363,phi
1394,1989,14.5,13.125,phi
1395,1990,14.227272727272728,13.522727272727272,phi
1396,1991,13.727272727272728,14.261363636363637,phi
1397,1992,14.090909090909092,14.136363636363637,phi
1398,1993,12.545454545454543,13.647727272727272,phi
1399,1994,14.545454545454543,13.727272727272728,phi
1400,1995,13.818181818181818,13.75,phi
1401,1996,14.272727272727272,13.795454545454543,phi
1402,1997,12.904761904761903,13.885281385281385,phi
1403,1998,13.227272727272728,13.55573593073593,phi
1404,1999,13.636363636363637,13.510281385281386,phi
1405,2000,14.454545454545457,13.555735930735931,phi
1406,2001,14.818181818181818,14.03409090909091,phi
1407,2002,14.590909090909092,14.375,phi
1408,2003,13.772727272727272,14.40909090909091,phi
1409,2004,13.772727272727272,14.238636363636363,phi
1410,2005,13.227272727272728,13.84090909090909,phi
1411,2006,13.954545454545457,13.681818181818182,phi
1412,2007,13.363636363636363,13.579545454545451,phi
1413,2008,14.045454545454543,13.647727272727272,phi
1414,2009,13.181818181818182,13.636363636363637,phi
1415,2010,12.5,13.272727272727272,phi
1416,2011,13.772727272727272,13.375,phi
1417,2012,12.545454545454543,13.0,phi
1418,2013,14.681818181818182,13.375,phi
1419,2014,13.681818181818182,13.670454545454549,phi
1420,2015,13.590909090909092,13.625,phi
1421,2016,13.454545454545457,13.852272727272728,phi
1422,2017,13.272727272727272,13.5,phi
1423,2018,12.363636363636363,13.170454545454543,phi
1424,2019,12.772727272727272,12.965909090909092,phi
1425,2020,11.318181818181818,12.431818181818182,phi
1426,2021,13.681818181818182,12.534090909090908,phi
1427,2022,15.045454545454543,13.204545454545457,phi
1428,2023,14.409090909090908,13.613636363636363,phi
1429,2024,14.181818181818182,14.329545454545451,phi
1430,1960,10.545454545454543,10.545454545454543,pit
1431,1961,11.909090909090908,11.227272727272728,pit
1432,1962,12.090909090909092,11.515151515151516,pit
1433,1963,12.409090909090908,11.738636363636363,pit
1434,1964,10.954545454545457,11.84090909090909,pit
1435,1965,10.954545454545457,11.602272727272728,pit
1436,1966,11.727272727272728,11.511363636363637,pit
1437,1967,11.272727272727272,11.227272727272728,pit
1438,1968,12.181818181818182,11.53409090909091,pit
1439,1969,12.181818181818182,11.840909090909092,pit
1440,1970,12.318181818181818,11.988636363636363,pit
1441,1971,12.130434782608695,12.20306324110672,pit
1442,1972,12.772727272727272,12.350790513833992,pit
1443,1973,12.681818181818182,12.475790513833992,pit
1444,1974,12.409090909090908,12.498517786561264,pit
1445,1975,13.238095238095235,12.7754329004329,pit
1446,1976,12.318181818181818,12.661796536796537,pit
1447,1977,12.636363636363637,12.6504329004329,pit
1448,1978,14.590909090909092,13.195887445887449,pit
1449,1979,13.227272727272728,13.193181818181818,pit
1450,1980,13.454545454545457,13.477272727272728,pit
1451,1981,13.727272727272728,13.75,pit
1452,1982,8.636363636363637,12.261363636363637,pit
1453,1983,13.545454545454543,12.34090909090909,pit
1454,1984,12.772727272727272,12.170454545454543,pit
1455,1985,13.590909090909092,12.136363636363637,pit
1456,1986,14.181818181818182,13.522727272727272,pit
1457,1987,11.136363636363637,12.920454545454549,pit
1458,1988,12.909090909090908,12.954545454545457,pit
1459,1989,14.045454545454543,13.068181818181818,pit
1460,1990,14.545454545454543,13.15909090909091,pit
1461,1991,13.227272727272728,13.68181818181818,pit
1462,1992,14.0,13.954545454545451,pit
1463,1993,13.954545454545457,13.931818181818182,pit
1464,1994,13.818181818181818,13.75,pit
1465,1995,13.227272727272728,13.75,pit
1466,1996,13.636363636363637,13.659090909090908,pit
1467,1997,14.409090909090908,13.772727272727272,pit
1468,1998,14.363636363636363,13.909090909090908,pit
1469,1999,14.181818181818182,14.147727272727272,pit
1470,2000,14.181818181818182,14.284090909090908,pit
1471,2001,14.454545454545457,14.295454545454549,pit
1472,2002,14.454545454545457,14.318181818181818,pit
1473,2003,14.318181818181818,14.352272727272728,pit
1474,2004,14.0,14.306818181818183,pit
1475,2005,14.727272727272728,14.375,pit
1476,2006,14.318181818181818,14.34090909090909,pit
1477,2007,14.272727272727272,14.329545454545457,pit
1478,2008,14.090909090909092,14.352272727272728,pit
1479,2009,14.318181818181818,14.250000000000002,pit
1480,2010,13.954545454545457,14.15909090909091,pit
1481,2011,13.727272727272728,14.022727272727272,pit
1482,2012,12.954545454545457,13.738636363636363,pit
1483,2013,12.954545454545457,13.397727272727272,pit
1484,2014,13.318181818181818,13.238636363636363,pit
1485,2015,13.409090909090908,13.15909090909091,pit
1486,2016,12.272727272727272,12.988636363636363,pit
1487,2017,13.454545454545457,13.113636363636363,pit
1488,2018,13.954545454545457,13.272727272727272,pit
1489,2019,13.0,13.170454545454549,pit
1490,2020,13.0,13.352272727272728,pit
1491,2021,14.26086956521739,13.553853754940713,pit
1492,2022,14.272727272727272,13.633399209486166,pit
1493,2023,13.454545454545457,13.74703557312253,pit
1494,2024,14.136363636363637,14.03112648221344,pit
1495,1960,12.227272727272728,12.227272727272728,rai
1496,1961,12.318181818181818,12.272727272727272,rai
1497,1962,12.045454545454543,12.196969696969695,rai
1498,1963,11.954545454545457,12.136363636363637,rai
1499,1964,11.5,11.954545454545457,rai
1500,1965,12.136363636363637,11.909090909090908,rai
1501,1966,12.0,11.897727272727272,rai
1502,1967,12.818181818181818,12.113636363636363,rai
1503,1968,12.636363636363637,12.397727272727272,rai
1504,1969,13.090909090909092,12.636363636363637,rai
1505,1970,13.090909090909092,12.90909090909091,rai
1506,1971,12.409090909090908,12.806818181818182,rai
1507,1972,13.5,13.022727272727272,rai
1508,1973,13.227272727272728,13.056818181818182,rai
1509,1974,13.090909090909092,13.056818181818182,rai
1510,1975,12.727272727272728,13.136363636363637,rai
1511,1976,13.409090909090908,13.113636363636363,rai
1512,1977,13.181818181818182,13.102272727272728,rai
1513,1978,14.590909090909092,13.477272727272728,rai
1514,1979,14.272727272727272,13.863636363636363,rai
1515,1980,14.181818181818182,14.056818181818183,rai
1516,1981,13.818181818181818,14.21590909090909,rai
1517,1982,8.681818181818182,12.738636363636363,rai
1518,1983,15.272727272727272,12.988636363636363,rai
1519,1984,14.0,12.943181818181817,rai
1520,1985,14.818181818181818,13.193181818181818,rai
1521,1986,14.454545454545457,14.636363636363637,rai
1522,1987,10.090909090909092,13.34090909090909,rai
1523,1988,12.727272727272728,13.022727272727272,rai
1524,1989,13.409090909090908,12.670454545454549,rai
1525,1990,15.227272727272728,12.863636363636363,rai
1526,1991,14.954545454545457,14.079545454545457,rai
1527,1992,14.090909090909092,14.420454545454549,rai
1528,1993,15.181818181818182,14.863636363636363,rai
1529,1994,14.090909090909092,14.579545454545457,rai
1530,1995,14.272727272727272,14.40909090909091,rai
1531,1996,13.727272727272728,14.318181818181817,rai
1532,1997,14.318181818181818,14.102272727272728,rai
1533,1998,13.681818181818182,14.0,rai
1534,1999,14.0,13.931818181818183,rai
1535,2000,14.727272727272728,14.18181818181818,rai
1536,2001,14.318181818181818,14.181818181818182,rai
1537,2002,13.818181818181818,14.215909090909092,rai
1538,2003,11.272727272727272,13.534090909090908,rai
1539,2004,12.636363636363637,13.011363636363637,rai
1540,2005,13.227272727272728,12.738636363636363,rai
1541,2006,13.181818181818182,12.579545454545457,rai
1542,2007,13.318181818181818,13.09090909090909,rai
1543,2008,12.636363636363637,13.09090909090909,rai
1544,2009,12.863636363636363,13.0,rai
1545,2010,13.590909090909092,13.102272727272728,rai
1546,2011,12.772727272727272,12.965909090909092,rai
1547,2012,13.772727272727272,13.25,rai
1548,2013,13.409090909090908,13.386363636363637,rai
1549,2014,12.954545454545457,13.227272727272728,rai
1550,2015,13.318181818181818,13.363636363636363,rai
1551,2016,13.181818181818182,13.215909090909092,rai
1552,2017,13.681818181818182,13.284090909090908,rai
1553,2018,11.818181818181818,13.0,rai
1554,2019,12.045454545454543,12.681818181818183,rai
1555,2020,13.0,12.636363636363637,rai
1556,2021,14.136363636363637,12.75,rai
1557,2022,13.863636363636363,13.261363636363637,rai
1558,2023,14.0,13.75,rai
1559,2024,12.863636363636363,13.71590909090909,rai
1560,1960,10.0,10.0,ram
1561,1961,12.136363636363637,11.068181818181818,ram
1562,1962,11.227272727272728,11.12121212121212,ram
1563,1963,11.5,11.21590909090909,ram
1564,1964,11.818181818181818,11.670454545454543,ram
1565,1965,11.636363636363637,11.545454545454549,ram
1566,1966,13.227272727272728,12.045454545454543,ram
1567,1967,13.545454545454543,12.556818181818183,ram
1568,1968,13.090909090909092,12.875,ram
1569,1969,13.181818181818182,13.261363636363637,ram
1570,1970,13.136363636363637,13.238636363636363,ram
1571,1971,13.181818181818182,13.147727272727272,ram
1572,1972,12.272727272727272,12.943181818181818,ram
1573,1973,13.909090909090908,13.125,ram
1574,1974,13.272727272727272,13.15909090909091,ram
1575,1975,13.090909090909092,13.136363636363637,ram
1576,1976,13.454545454545457,13.431818181818183,ram
1577,1977,12.818181818181818,13.15909090909091,ram
1578,1978,14.909090909090908,13.568181818181817,ram
1579,1979,13.681818181818182,13.715909090909092,ram
1580,1980,14.454545454545457,13.96590909090909,ram
1581,1981,13.681818181818182,14.181818181818182,ram
1582,1982,8.409090909090908,12.55681818181818,ram
1583,1983,14.818181818181818,12.84090909090909,ram
1584,1984,14.5,12.852272727272728,ram
1585,1985,14.363636363636363,13.022727272727272,ram
1586,1986,14.136363636363637,14.454545454545457,ram
1587,1987,11.136363636363637,13.53409090909091,ram
1588,1988,14.681818181818182,13.579545454545457,ram
1589,1989,14.181818181818182,13.534090909090908,ram
1590,1990,13.545454545454543,13.386363636363637,ram
1591,1991,12.545454545454543,13.738636363636363,ram
1592,1992,14.363636363636363,13.659090909090908,ram
1593,1993,12.863636363636363,13.329545454545457,ram
1594,1994,14.0,13.443181818181818,ram
1595,1995,14.363636363636363,13.897727272727272,ram
1596,1996,13.772727272727272,13.75,ram
1597,1997,14.136363636363637,14.068181818181818,ram
1598,1998,13.681818181818182,13.988636363636363,ram
1599,1999,15.0,14.147727272727272,ram
1600,2000,14.0,14.204545454545457,ram
1601,2001,14.545454545454543,14.306818181818182,ram
1602,2002,12.954545454545457,14.125,ram
1603,2003,14.136363636363637,13.90909090909091,ram
1604,2004,13.454545454545457,13.772727272727272,ram
1605,2005,12.409090909090908,13.238636363636363,ram
1606,2006,13.954545454545457,13.488636363636363,ram
1607,2007,12.727272727272728,13.136363636363637,ram
1608,2008,12.681818181818182,12.943181818181817,ram
1609,2009,12.136363636363637,12.875,ram
1610,2010,13.772727272727272,12.829545454545457,ram
1611,2011,12.454545454545457,12.761363636363637,ram
1612,2012,13.636363636363637,13.0,ram
1613,2013,13.409090909090908,13.318181818181818,ram
1614,2014,13.318181818181818,13.204545454545457,ram
1615,2015,12.909090909090908,13.318181818181818,ram
1616,2016,13.409090909090908,13.261363636363637,ram
1617,2017,13.590909090909092,13.306818181818182,ram
1618,2018,14.454545454545457,13.59090909090909,ram
1619,2019,12.863636363636363,13.579545454545457,ram
1620,2020,13.565217391304348,13.618577075098814,ram
1621,2021,14.227272727272728,13.777667984189724,ram
1622,2022,11.863636363636363,13.129940711462451,ram
1623,2023,14.318181818181818,13.493577075098813,ram
1624,2024,13.409090909090908,13.454545454545457,ram
1625,1960,,,rav
1626,1961,,,rav
1627,1962,,,rav
1628,1963,,,rav
1629,1964,,,rav
1630,1965,,,rav
1631,1966,,,rav
1632,1967,,,rav
1633,1968,,,rav
1634,1969,,,rav
1635,1970,,,rav
1636,1971,,,rav
1637,1972,,,rav
1638,1973,,,rav
1639,1974,,,rav
1640,1975,,,rav
1641,1976,,,rav
1642,1977,,,rav
1643,1978,,,rav
1644,1979,,,rav
1645,1980,,,rav
1646,1981,,,rav
1647,1982,,,rav
1648,1983,,,rav
1649,1984,,,rav
1650,1985,,,rav
1651,1986,,,rav
1652,1987,,,rav
1653,1988,,,rav
1654,1989,,,rav
1655,1990,,,rav
1656,1991,,,rav
1657,1992,,,rav
1658,1993,,,rav
1659,1994,,,rav
1660,1995,,,rav
1661,1996,12.954545454545457,12.954545454545457,rav
1662,1997,13.136363636363637,13.045454545454549,rav
1663,1998,13.545454545454543,13.212121212121213,rav
1664,1999,13.5,13.28409090909091,rav
1665,2000,14.227272727272728,13.602272727272728,rav
1666,2001,13.772727272727272,13.761363636363637,rav
1667,2002,13.5,13.75,rav
1668,2003,14.363636363636363,13.96590909090909,rav
1669,2004,13.636363636363637,13.81818181818182,rav
1670,2005,13.045454545454543,13.636363636363637,rav
1671,2006,14.727272727272728,13.943181818181818,rav
1672,2007,13.454545454545457,13.71590909090909,rav
1673,2008,14.363636363636363,13.897727272727272,rav
1674,2009,14.0,14.136363636363637,rav
1675,2010,14.590909090909092,14.102272727272728,rav
1676,2011,14.954545454545457,14.477272727272728,rav
1677,2012,12.772727272727272,14.079545454545457,rav
1678,2013,14.045454545454543,14.090909090909092,rav
1679,2014,13.818181818181818,13.897727272727272,rav
1680,2015,12.681818181818182,13.329545454545457,rav
1681,2016,13.227272727272728,13.443181818181818,rav
1682,2017,13.772727272727272,13.375,rav
1683,2018,12.863636363636363,13.136363636363637,rav
1684,2019,12.681818181818182,13.136363636363637,rav
1685,2020,12.409090909090908,12.931818181818182,rav
1686,2021,13.227272727272728,12.795454545454543,rav
1687,2022,13.318181818181818,12.90909090909091,rav
1688,2023,13.272727272727272,13.05681818181818,rav
1689,2024,14.363636363636363,13.545454545454543,rav
1690,1960,11.727272727272728,11.727272727272728,sdg
1691,1961,12.227272727272728,11.977272727272728,sdg
1692,1962,10.909090909090908,11.62121212121212,sdg
1693,1963,12.409090909090908,11.818181818181817,sdg
1694,1964,11.590909090909092,11.784090909090908,sdg
1695,1965,12.681818181818182,11.897727272727272,sdg
1696,1966,11.590909090909092,12.068181818181818,sdg
1697,1967,12.454545454545457,12.079545454545451,sdg
1698,1968,12.363636363636363,12.272727272727272,sdg
1699,1969,11.636363636363637,12.011363636363637,sdg
1700,1970,11.636363636363637,12.022727272727272,sdg
1701,1971,12.181818181818182,11.954545454545457,sdg
1702,1972,12.045454545454543,11.875,sdg
1703,1973,11.045454545454543,11.727272727272728,sdg
1704,1974,11.5,11.693181818181818,sdg
1705,1975,11.5,11.522727272727272,sdg
1706,1976,12.545454545454543,11.647727272727272,sdg
1707,1977,12.545454545454543,12.022727272727272,sdg
1708,1978,14.0,12.647727272727272,sdg
1709,1979,14.545454545454543,13.409090909090908,sdg
1710,1980,13.954545454545457,13.761363636363637,sdg
1711,1981,13.863636363636363,14.090909090909092,sdg
1712,1982,8.227272727272727,12.647727272727272,sdg
1713,1983,13.772727272727272,12.454545454545457,sdg
1714,1984,13.681818181818182,12.386363636363637,sdg
1715,1985,13.863636363636363,12.386363636363637,sdg
1716,1986,13.090909090909092,13.602272727272728,sdg
1717,1987,10.318181818181818,12.738636363636363,sdg
1718,1988,13.227272727272728,12.625,sdg
1719,1989,14.136363636363637,12.69318181818182,sdg
1720,1990,13.818181818181818,12.875,sdg
1721,1991,13.727272727272728,13.727272727272728,sdg
1722,1992,14.227272727272728,13.977272727272728,sdg
1723,1993,13.636363636363637,13.852272727272728,sdg
1724,1994,15.181818181818182,14.193181818181818,sdg
1725,1995,14.5,14.386363636363637,sdg
1726,1996,13.5,14.204545454545457,sdg
1727,1997,13.818181818181818,14.25,sdg
1728,1998,12.954545454545457,13.693181818181818,sdg
1729,1999,12.772727272727272,13.261363636363637,sdg
1730,2000,13.954545454545457,13.375,sdg
1731,2001,14.545454545454543,13.556818181818182,sdg
1732,2002,13.590909090909092,13.715909090909092,sdg
1733,2003,13.545454545454543,13.90909090909091,sdg
1734,2004,14.409090909090908,14.022727272727272,sdg
1735,2005,13.818181818181818,13.84090909090909,sdg
1736,2006,14.318181818181818,14.022727272727272,sdg
1737,2007,14.0,14.136363636363637,sdg
1738,2008,14.090909090909092,14.056818181818182,sdg
1739,2009,13.181818181818182,13.897727272727272,sdg
1740,2010,13.227272727272728,13.625,sdg
1741,2011,13.727272727272728,13.556818181818182,sdg
1742,2012,13.409090909090908,13.386363636363637,sdg
1743,2013,12.909090909090908,13.318181818181818,sdg
1744,2014,13.136363636363637,13.295454545454543,sdg
1745,2015,11.727272727272728,12.795454545454543,sdg
1746,2016,12.454545454545457,12.55681818181818,sdg
1747,2017,13.5,12.704545454545451,sdg
1748,2018,13.045454545454543,12.681818181818182,sdg
1749,2019,12.590909090909092,12.897727272727272,sdg
1750,2020,12.409090909090908,12.886363636363637,sdg
1751,2021,13.727272727272728,12.943181818181818,sdg
1752,2022,14.181818181818182,13.227272727272728,sdg
1753,2023,13.636363636363637,13.488636363636363,sdg
1754,2024,13.818181818181818,13.840909090909092,sdg
1755,1960,,,sea
1756,1961,,,sea
1757,1962,,,sea
1758,1963,,,sea
1759,1964,,,sea
1760,1965,,,sea
1761,1966,,,sea
1762,1967,,,sea
1763,1968,,,sea
1764,1969,,,sea
1765,1970,,,sea
1766,1971,,,sea
1767,1972,,,sea
1768,1973,,,sea
1769,1974,,,sea
1770,1975,,,sea
1771,1976,11.863636363636363,11.863636363636363,sea
1772,1977,12.545454545454543,12.204545454545451,sea
1773,1978,14.409090909090908,12.939393939393938,sea
1774,1979,14.0,13.204545454545451,sea
1775,1980,14.863636363636363,13.954545454545457,sea
1776,1981,13.181818181818182,14.113636363636363,sea
1777,1982,8.181818181818182,12.556818181818183,sea
1778,1983,13.5,12.431818181818183,sea
1779,1984,13.818181818181818,12.170454545454543,sea
1780,1985,14.727272727272728,12.556818181818182,sea
1781,1986,14.272727272727272,14.079545454545457,sea
1782,1987,11.363636363636363,13.545454545454543,sea
1783,1988,14.136363636363637,13.625,sea
1784,1989,13.636363636363637,13.352272727272728,sea
1785,1990,13.954545454545457,13.272727272727272,sea
1786,1991,13.863636363636363,13.897727272727272,sea
1787,1992,13.818181818181818,13.818181818181818,sea
1788,1993,14.681818181818182,14.079545454545451,sea
1789,1994,13.681818181818182,14.011363636363637,sea
1790,1995,14.045454545454543,14.056818181818183,sea
1791,1996,13.818181818181818,14.056818181818182,sea
1792,1997,13.045454545454543,13.647727272727272,sea
1793,1998,13.909090909090908,13.704545454545451,sea
1794,1999,14.545454545454543,13.829545454545451,sea
1795,2000,14.409090909090908,13.977272727272728,sea
1796,2001,13.909090909090908,14.193181818181817,sea
1797,2002,13.136363636363637,14.0,sea
1798,2003,13.409090909090908,13.71590909090909,sea
1799,2004,13.363636363636363,13.454545454545457,sea
1800,2005,13.318181818181818,13.30681818181818,sea
1801,2006,13.227272727272728,13.329545454545451,sea
1802,2007,14.363636363636363,13.568181818181818,sea
1803,2008,12.454545454545457,13.34090909090909,sea
1804,2009,13.363636363636363,13.352272727272728,sea
1805,2010,13.227272727272728,13.352272727272728,sea
1806,2011,13.227272727272728,13.068181818181818,sea
1807,2012,14.5,13.579545454545457,sea
1808,2013,13.0,13.488636363636363,sea
1809,2014,13.363636363636363,13.522727272727272,sea
1810,2015,13.727272727272728,13.647727272727272,sea
1811,2016,13.272727272727272,13.34090909090909,sea
1812,2017,12.409090909090908,13.193181818181817,sea
1813,2018,13.272727272727272,13.170454545454549,sea
1814,2019,12.5,12.863636363636363,sea
1815,2020,12.863636363636363,12.761363636363637,sea
1816,2021,13.291666666666666,12.982007575757576,sea
1817,2022,15.047619047619047,13.42573051948052,sea
1818,2023,14.0,13.80073051948052,sea
1819,2024,12.5,13.709821428571429,sea
1820,1960,10.0,10.0,sfo
1821,1961,12.5,11.25,sfo
1822,1962,11.636363636363637,11.37878787878788,sfo
1823,1963,12.136363636363637,11.568181818181818,sfo
1824,1964,12.590909090909092,12.215909090909092,sfo
1825,1965,12.954545454545457,12.329545454545457,sfo
1826,1966,13.227272727272728,12.727272727272728,sfo
1827,1967,11.954545454545457,12.681818181818182,sfo
1828,1968,13.5,12.909090909090908,sfo
1829,1969,12.5,12.795454545454543,sfo
1830,1970,13.136363636363637,12.772727272727272,sfo
1831,1971,13.454545454545457,13.147727272727272,sfo
1832,1972,12.590909090909092,12.920454545454549,sfo
1833,1973,12.045454545454543,12.806818181818183,sfo
1834,1974,12.272727272727272,12.59090909090909,sfo
1835,1975,12.0,12.227272727272728,sfo
1836,1976,12.363636363636363,12.170454545454543,sfo
1837,1977,13.090909090909092,12.431818181818183,sfo
1838,1978,13.0,12.613636363636363,sfo
1839,1979,13.545454545454543,13.0,sfo
1840,1980,13.0,13.15909090909091,sfo
1841,1981,14.954545454545457,13.625,sfo
1842,1982,7.590909090909091,12.272727272727272,sfo
1843,1983,14.227272727272728,12.44318181818182,sfo
1844,1984,14.363636363636363,12.78409090909091,sfo
1845,1985,14.545454545454543,12.681818181818182,sfo
1846,1986,13.772727272727272,14.227272727272728,sfo
1847,1987,10.272727272727272,13.238636363636363,sfo
1848,1988,13.909090909090908,13.125,sfo
1849,1989,14.136363636363637,13.022727272727272,sfo
1850,1990,14.772727272727272,13.272727272727272,sfo
1851,1991,13.863636363636363,14.170454545454543,sfo
1852,1992,14.136363636363637,14.227272727272728,sfo
1853,1993,14.136363636363637,14.227272727272728,sfo
1854,1994,14.5,14.15909090909091,sfo
1855,1995,14.136363636363637,14.227272727272728,sfo
1856,1996,14.090909090909092,14.21590909090909,sfo
1857,1997,14.5,14.306818181818182,sfo
1858,1998,14.045454545454543,14.193181818181818,sfo
1859,1999,13.636363636363637,14.06818181818182,sfo
1860,2000,14.0,14.045454545454549,sfo
1861,2001,15.227272727272728,14.227272727272728,sfo
1862,2002,14.454545454545457,14.329545454545457,sfo
1863,2003,14.227272727272728,14.477272727272728,sfo
1864,2004,12.818181818181818,14.18181818181818,sfo
1865,2005,12.090909090909092,13.397727272727272,sfo
1866,2006,12.954545454545457,13.022727272727272,sfo
1867,2007,13.727272727272728,12.897727272727272,sfo
1868,2008,13.227272727272728,13.0,sfo
1869,2009,14.090909090909092,13.5,sfo
1870,2010,14.090909090909092,13.78409090909091,sfo
1871,2011,14.5,13.977272727272728,sfo
1872,2012,14.863636363636363,14.386363636363637,sfo
1873,2013,14.181818181818182,14.40909090909091,sfo
1874,2014,13.318181818181818,14.21590909090909,sfo
1875,2015,12.363636363636363,13.681818181818182,sfo
1876,2016,12.681818181818182,13.136363636363637,sfo
1877,2017,12.0,12.59090909090909,sfo
1878,2018,12.545454545454543,12.397727272727272,sfo
1879,2019,12.590909090909092,12.454545454545457,sfo
1880,2020,11.590909090909092,12.181818181818183,sfo
1881,2021,14.227272727272728,12.738636363636363,sfo
1882,2022,14.181818181818182,13.147727272727272,sfo
1883,2023,15.045454545454543,13.761363636363637,sfo
1884,2024,13.727272727272728,14.295454545454543,sfo
1885,1960,,,tam
1886,1961,,,tam
1887,1962,,,tam
1888,1963,,,tam
1889,1964,,,tam
1890,1965,,,tam
1891,1966,,,tam
1892,1967,,,tam
1893,1968,,,tam
1894,1969,,,tam
1895,1970,,,tam
1896,1971,,,tam
1897,1972,,,tam
1898,1973,,,tam
1899,1974,,,tam
1900,1975,,,tam
1901,1976,11.227272727272728,11.227272727272728,tam
1902,1977,12.227272727272728,11.727272727272728,tam
1903,1978,13.0,12.15151515151515,tam
1904,1979,14.727272727272728,12.795454545454543,tam
1905,1980,14.181818181818182,13.534090909090908,tam
1906,1981,14.136363636363637,14.011363636363637,tam
1907,1982,8.136363636363637,12.795454545454543,tam
1908,1983,11.772727272727272,12.056818181818182,tam
1909,1984,13.545454545454543,11.897727272727272,tam
1910,1985,14.090909090909092,11.886363636363637,tam
1911,1986,13.227272727272728,13.15909090909091,tam
1912,1987,9.772727272727272,12.65909090909091,tam
1913,1988,13.545454545454543,12.65909090909091,tam
1914,1989,14.272727272727272,12.704545454545451,tam
1915,1990,13.772727272727272,12.84090909090909,tam
1916,1991,13.272727272727272,13.71590909090909,tam
1917,1992,13.318181818181818,13.659090909090908,tam
1918,1993,12.0,13.09090909090909,tam
1919,1994,13.363636363636363,12.988636363636363,tam
1920,1995,13.090909090909092,12.94318181818182,tam
1921,1996,13.5,12.988636363636363,tam
1922,1997,14.181818181818182,13.53409090909091,tam
1923,1998,14.363636363636363,13.784090909090908,tam
1924,1999,14.409090909090908,14.113636363636363,tam
1925,2000,15.5,14.613636363636363,tam
1926,2001,15.0,14.818181818181817,tam
1927,2002,14.727272727272728,14.90909090909091,tam
1928,2003,13.681818181818182,14.727272727272728,tam
1929,2004,13.272727272727272,14.170454545454543,tam
1930,2005,14.5,14.045454545454549,tam
1931,2006,13.363636363636363,13.704545454545451,tam
1932,2007,13.909090909090908,13.761363636363637,tam
1933,2008,14.0,13.943181818181817,tam
1934,2009,13.590909090909092,13.71590909090909,tam
1935,2010,12.409090909090908,13.477272727272728,tam
1936,2011,13.590909090909092,13.397727272727272,tam
1937,2012,13.863636363636363,13.363636363636363,tam
1938,2013,12.954545454545457,13.204545454545457,tam
1939,2014,12.454545454545457,13.21590909090909,tam
1940,2015,12.363636363636363,12.90909090909091,tam
1941,2016,13.454545454545457,12.806818181818182,tam
1942,2017,12.0,12.568181818181818,tam
1943,2018,12.227272727272728,12.511363636363637,tam
1944,2019,13.090909090909092,12.693181818181818,tam
1945,2020,14.272727272727272,12.897727272727272,tam
1946,2021,14.090909090909092,13.420454545454549,tam
1947,2022,13.142857142857142,13.64935064935065,tam
1948,2023,14.904761904761903,14.102813852813853,tam
1949,2024,13.363636363636363,13.875541125541126,tam
1950,1960,10.454545454545457,10.454545454545457,was
1951,1961,12.136363636363637,11.295454545454549,was
1952,1962,11.863636363636363,11.484848484848484,was
1953,1963,12.818181818181818,11.818181818181818,was
1954,1964,12.363636363636363,12.295454545454549,was
1955,1965,11.681818181818182,12.181818181818182,was
1956,1966,12.409090909090908,12.318181818181818,was
1957,1967,11.909090909090908,12.09090909090909,was
1958,1968,11.454545454545457,11.863636363636363,was
1959,1969,12.181818181818182,11.988636363636363,was
1960,1970,12.272727272727272,11.954545454545457,was
1961,1971,13.181818181818182,12.272727272727272,was
1962,1972,13.090909090909092,12.681818181818183,was
1963,1973,12.863636363636363,12.852272727272728,was
1964,1974,13.181818181818182,13.079545454545451,was
1965,1975,12.545454545454543,12.920454545454543,was
1966,1976,13.0,12.897727272727272,was
1967,1977,12.272727272727272,12.75,was
1968,1978,13.909090909090908,12.93181818181818,was
1969,1979,14.409090909090908,13.397727272727272,was
1970,1980,13.318181818181818,13.477272727272728,was
1971,1981,12.909090909090908,13.636363636363637,was
1972,1982,8.545454545454545,12.295454545454549,was
1973,1983,14.954545454545457,12.431818181818182,was
1974,1984,13.863636363636363,12.568181818181817,was
1975,1985,13.954545454545457,12.829545454545451,was
1976,1986,14.0,14.193181818181817,was
1977,1987,10.5,13.079545454545451,was
1978,1988,13.181818181818182,12.90909090909091,was
1979,1989,12.272727272727272,12.488636363636363,was
1980,1990,13.545454545454543,12.375,was
1981,1991,14.727272727272728,13.43181818181818,was
1982,1992,13.045454545454543,13.397727272727272,was
1983,1993,12.772727272727272,13.522727272727272,was
1984,1994,14.0,13.636363636363637,was
1985,1995,14.045454545454543,13.46590909090909,was
1986,1996,13.5,13.579545454545457,was
1987,1997,13.227272727272728,13.693181818181818,was
1988,1998,13.136363636363637,13.477272727272728,was
1989,1999,15.0,13.71590909090909,was
1990,2000,13.772727272727272,13.78409090909091,was
1991,2001,14.318181818181818,14.056818181818182,was
1992,2002,13.454545454545457,14.136363636363637,was
1993,2003,13.5,13.761363636363637,was
1994,2004,13.409090909090908,13.670454545454543,was
1995,2005,14.227272727272728,13.647727272727272,was
1996,2006,13.863636363636363,13.75,was
1997,2007,13.909090909090908,13.852272727272728,was
1998,2008,13.5,13.875,was
1999,2009,13.090909090909092,13.59090909090909,was
2000,2010,13.045454545454543,13.386363636363637,was
2001,2011,12.636363636363637,13.06818181818182,was
2002,2012,14.5,13.31818181818182,was
2003,2013,13.772727272727272,13.488636363636363,was
2004,2014,13.090909090909092,13.5,was
2005,2015,12.681818181818182,13.511363636363637,was
2006,2016,13.318181818181818,13.21590909090909,was
2007,2017,11.818181818181818,12.727272727272728,was
2008,2018,12.227272727272728,12.511363636363637,was
2009,2019,12.772727272727272,12.534090909090908,was
2010,2020,12.5,12.329545454545457,was
2011,2021,12.181818181818182,12.420454545454543,was
2012,2022,12.818181818181818,12.568181818181818,was
2013,2023,13.636363636363637,12.78409090909091,was
2014,2024,14.136363636363637,13.193181818181818,was
